,0
0,'
1,'a
2,'n
3,'s
4,(
5,)
6,","
7,-
8,-cher
9,-d
10,-dzhe
11,-i
12,-ka
13,-khrus
14,-kut
15,-l
16,-la
17,-m
18,-n
19,-na
20,-s
21,-sc
22,-shevc
23,-z
24,-za
25,.
26,.k
27,.s
28,/
29,01
30,02
31,03
32,04
33,05
34,06
35,07
36,08
37,09
38,1
39,10
40,11
41,12
42,13
43,14
44,15
45,16
46,2
47,22
48,33
49,44
50,55
51,66
52,73
53,77
54,88
55,99
56,a
57,a.
58,aa
59,aac
60,aal
61,aalst
62,aan
63,aar
64,aarsc
65,ab
66,abrsk
67,ac
68,ach
69,achk
70,ad
71,adh
72,ae
73,af
74,aff
75,afg
76,ag
77,agdz
78,ah
79,ai
80,aic
81,aim
82,ain
83,air
84,ais
85,aix
86,aj
87,ak
88,akc
89,akh
90,al
91,albs
92,alc
93,alf
94,alg
95,all
96,allsc
97,alp
98,als
99,alt
100,alts
101,am
102,amch
103,amp
104,ams
105,an
106,anc
107,and
108,andk
109,ang
110,ann
111,ans
112,ansk
113,ant
114,anz
115,ao
116,aon
117,aos
118,ap
119,aps
120,aq
121,ar
122,arb
123,arc
124,ard
125,ark
126,arm
127,arn
128,arns
129,ars
130,arsk
131,arz
132,as
133,asc
134,ascq
135,ash
136,at
137,ath
138,au
139,auc
140,auch
141,augs
142,aul
143,aus
144,aux
145,av
146,aw
147,ay
148,ayk
149,ayn
150,ayr
151,az
152,aç
153,aí
154,aï
155,aïd
156,aïn
157,aïs
158,añ
159,ağ
160,aī
161,aş
162,aţ
163,aḩ
164,b
165,ba
166,baa
167,baal
168,baar
169,baard
170,baarn
171,bab
172,bac
173,bach
174,bacht
175,back
176,bad
177,badr
178,bae
179,baek
180,baen
181,baes
182,bag
183,bagh
184,bah
185,bai
186,baic
187,bail
188,bain
189,bains
190,bais
191,baix
192,baj
193,bak
194,bakh
195,bakhc
196,bal
197,balch
198,balkh
199,ball
200,bam
201,ban
202,banc
203,band
204,bang
205,bank
206,banks
207,bans
208,bansk
209,bao
210,baos
211,bar
212,bard
213,bardd
214,bark
215,barm
216,barn
217,barns
218,barr
219,bars
220,bart
221,bas
222,bash
223,bat
224,bath
225,baths
226,bats
227,bau
228,bauc
229,baug
230,baulk
231,bault
232,baumsc
233,baun
234,baw
235,baws
236,bay
237,bayk
238,bayl
239,bayn
240,bayr
241,bays
242,bayt
243,baz
244,baâ
245,baç
246,bañ
247,baú
248,bač
249,bağ
250,bań
251,baş
252,baţ
253,bchar
254,be
255,bea
256,beach
257,bear
258,bears
259,beb
260,bec
261,bech
262,beck
263,bed
264,bee
265,beek
266,beer
267,beers
268,beh
269,behs
270,bei
271,beic
272,beid
273,beil
274,beit
275,bek
276,bel
277,bell
278,bells
279,beln
280,bels
281,belt
282,bem
283,ben
284,bend
285,beng
286,bens
287,bent
288,beo
289,beol
290,bep
291,ber
292,berck
293,berd
294,berdsk
295,berg
296,bergs
297,bergsc
298,berk
299,bern
300,bers
301,bersc
302,bert
303,berts
304,bes
305,besh
306,best
307,bet
308,beth
309,beu
310,beuf
311,beul
312,bex
313,bey
314,bez
315,beï
316,beā
317,beč
318,bełc
319,beň
320,beş
321,bha
322,bhab
323,bhac
324,bhai
325,bhains
326,bhak
327,bhal
328,bhan
329,bhar
330,bhart
331,bhat
332,bhay
333,bhe
334,bhi
335,bhim
336,bhin
337,bhind
338,bhis
339,bhit
340,bho
341,bhog
342,bhon
343,bhor
344,bhu
345,bhud
346,bhuj
347,bhā
348,bhāi
349,bhāl
350,bhān
351,bhāt
352,bhāy
353,bhī
354,bhīk
355,bhīl
356,bhīn
357,bhūm
358,bi
359,bia
360,bian
361,bianz
362,biar
363,bias
364,bic
365,bid
366,bidz
367,bie
368,bieh
369,biel
370,biels
371,bielsk
372,bien
373,bier
374,biers
375,bies
376,big
377,bigh
378,bij
379,bijl
380,bijn
381,bil
382,bilt
383,bim
384,bin
385,binc
386,bind
387,bing
388,binh
389,bins
390,binsk
391,binz
392,bio
393,biodh
394,bir
395,birg
396,birk
397,birn
398,birs
399,birsk
400,bis
401,bisch
402,bish
403,bit
404,biu
405,bix
406,biy
407,biysk
408,biz
409,biá
410,biên
411,biú
412,biā
413,bią
414,bił
415,biš
416,bje
417,bla
418,blac
419,black
420,blah
421,blai
422,blain
423,blair
424,blaj
425,blan
426,blanc
427,blans
428,blas
429,blay
430,ble
431,blea
432,blen
433,blenz
434,bles
435,blet
436,bletc
437,bli
438,blic
439,blies
440,blik
441,blin
442,bling
443,blo
444,bloe
445,bloem
446,blois
447,blom
448,blon
449,bloo
450,bloom
451,bloux
452,blu
453,blue
454,bluff
455,bluffs
456,blus
457,bly
458,blyt
459,blyth
460,blë
461,bląg
462,bna
463,bnay
464,bni
465,bnik
466,bninsk
467,bnitz
468,bniţ
469,bno
470,bnoy
471,bny
472,bnya
473,bnyk
474,bnūb
475,bo
476,boa
477,boan
478,boar
479,bob
480,boc
481,bock
482,bod
483,bods
484,boe
485,boen
486,bog
487,boh
488,boi
489,bois
490,boj
491,boks
492,bol
493,bolc
494,boldt
495,bom
496,bon
497,bong
498,bonn
499,boo
500,bool
501,boom
502,bop
503,bor
504,bordj
505,borg
506,bork
507,born
508,bors
509,borsk
510,borz
511,bos
512,bosch
513,bosh
514,bot
515,both
516,bots
517,bou
518,bouc
519,boud
520,bouk
521,boul
522,boun
523,bour
524,bourg
525,bous
526,bouw
527,bov
528,bow
529,bowt
530,box
531,boy
532,boyn
533,boz
534,boã
535,boû
536,boûch
537,boń
538,bra
539,brac
540,brad
541,brae
542,bragg
543,brai
544,brain
545,brais
546,brak
547,bral
548,bram
549,bramp
550,bramsc
551,bran
552,branc
553,branch
554,brand
555,brant
556,brassc
557,brat
558,bratsk
559,brau
560,braunsc
561,braw
562,bray
563,braz
564,braç
565,braş
566,bre
567,brea
568,brecht
569,bred
570,brei
571,bren
572,brent
573,brenz
574,bres
575,brest
576,bret
577,breu
578,breus
579,breñ
580,breú
581,bri
582,bria
583,brian
584,briand
585,brich
586,brid
587,brie
588,briel
589,brier
590,brig
591,briggs
592,brigh
593,bril
594,brils
595,brin
596,bris
597,brits
598,britz
599,brix
600,briz
601,briāl
602,brno
603,bro
604,broa
605,broad
606,broads
607,broath
608,broc
609,brock
610,brod
611,broek
612,broich
613,brom
614,broms
615,bron
616,bronk
617,bronn
618,bronx
619,broo
620,brook
621,broom
622,bros
623,brouck
624,brough
625,brov
626,brown
627,browns
628,bru
629,brua
630,bruc
631,bruch
632,bruck
633,brug
634,bruk
635,brum
636,brun
637,brunn
638,bruns
639,brus
640,brush
641,bruysk
642,bruz
643,brve
644,bry
645,bryag
646,bryan
647,bryansk
648,bryant
649,brym
650,bryn
651,bryuk
652,brzeg
653,brzes
654,brá
655,bré
656,brí
657,bría
658,brów
659,bröl
660,brüc
661,brück
662,brüg
663,brühl
664,brā
665,brāi
666,brāj
667,brăi
668,brč
669,brī
670,brūd
671,bsen
672,bsā
673,bu
674,bua
675,buan
676,buc
677,buch
678,buck
679,bud
680,buddh
681,bue
682,bueng
683,buf
684,bug
685,buh
686,bui
687,buin
688,buinsk
689,buis
690,buk
691,bul
692,bull
693,bum
694,bun
695,bung
696,bunsc
697,bur
698,burg
699,burgh
700,burj
701,burn
702,burns
703,bursc
704,burt
705,bus
706,busch
707,bush
708,but
709,butz
710,buu
711,buun
712,buur
713,bux
714,buy
715,buz
716,buí
717,buôn
718,bwa
719,bwe
720,bwell
721,bwi
722,bwā
723,bwāh
724,by
725,bya
726,bych
727,byd
728,byek
729,byen
730,byg
731,byk
732,byn
733,bys
734,byum
735,byā
736,byād
737,byār
738,był
739,byŏn
740,bze
741,bzon
742,bà
743,bá
744,bái
745,bán
746,bár
747,bâr
748,bão
749,bæk
750,bè
751,bès
752,bé
753,béa
754,béc
755,béo
756,bét
757,bình
758,bí
759,bín
760,bíč
761,bó
762,bón
763,bórz
764,bö
765,bös
766,bú
767,bü
768,büc
769,bühl
770,bük
771,bün
772,bürs
773,büt
774,büy
775,bā
776,bāb
777,bād
778,bāfq
779,bāg
780,bāgh
781,bāh
782,bāl
783,bān
784,bāns
785,bār
786,bārh
787,bās
788,bāz
789,bāţ
790,bāḩ
791,bă
792,băi
793,bē
794,bę
795,bī
796,bīd
797,bīl
798,bīn
799,bīr
800,bīs
801,bīt
802,bō
803,bře
804,bū
805,būn
806,būr
807,būs
808,būsh
809,bŭ
810,bəy
811,bạc
812,bảo
813,bắc
814,bằng
815,bến
816,bỉm
817,ca
818,caa
819,cac
820,cae
821,caen
822,caerp
823,cag
824,cah
825,cai
826,cain
827,cairn
828,cairns
829,cais
830,cak
831,cal
832,call
833,calp
834,calw
835,cam
836,camp
837,can
838,canc
839,cangz
840,cans
841,cao
842,caos
843,car
844,carls
845,carr
846,cars
847,cart
848,cas
849,cat
850,catl
851,cau
852,cawl
853,cax
854,cay
855,caá
856,caç
857,caé
858,caí
859,cañ
860,ce
861,cea
862,cean
863,cec
864,ced
865,cee
866,ceeld
867,ceg
868,ceh
869,cei
870,cel
871,cem
872,cen
873,cent
874,ceo
875,cep
876,ceq
877,cer
878,ces
879,ceu
880,cey
881,ceï
882,ceş
883,cha
884,chaam
885,chac
886,chad
887,chae
888,chai
889,chaic
890,chak
891,chal
892,chalc
893,cham
894,champs
895,chan
896,chang
897,changc
898,changs
899,changz
900,chant
901,chao
902,chaoz
903,chap
904,char
905,chark
906,chart
907,chas
908,chat
909,chau
910,chauk
911,chaux
912,chay
913,chaï
914,che
915,chea
916,cheb
917,cheek
918,chefc
919,cheikh
920,chek
921,chel
922,chelg
923,chelms
924,chem
925,chen
926,cheng
927,chengz
928,chenz
929,cheo
930,cheon
931,cheong
932,cher
933,chert
934,ches
935,chet
936,chey
937,cheł
938,chełm
939,chha
940,chhar
941,chhi
942,chhin
943,chhnang
944,chho
945,chhā
946,chi
947,chia
948,chiang
949,chic
950,chie
951,chif
952,chik
953,chil
954,chim
955,chin
956,chinc
957,chinch
958,chio
959,chiog
960,chios
961,chip
962,chir
963,chirc
964,chis
965,chish
966,chit
967,chiz
968,chiş
969,chka
970,chlef
971,cho
972,choa
973,choi
974,chok
975,chol
976,chom
977,chon
978,chong
979,chop
980,chor
981,chort
982,chosz
983,chowc
984,chris
985,christc
986,chru
987,chrza
988,chu
989,chum
990,chump
991,chunc
992,chung
993,chuns
994,chur
995,chust
996,chuz
997,chyn
998,chàm
999,châ
1000,chã
1001,chía
1002,chā
1003,chām
1004,chān
1005,chānd
1006,chās
1007,chāī
1008,chī
1009,chīc
1010,chō
1011,chŏng
1012,chū
1013,chūō
1014,ci
1015,cia
1016,ciam
1017,cian
1018,cias
1019,cie
1020,ciec
1021,ciel
1022,ciem
1023,cien
1024,cier
1025,cies
1026,cif
1027,cik
1028,cil
1029,cim
1030,cin
1031,cing
1032,cint
1033,cio
1034,cion
1035,cios
1036,cir
1037,cis
1038,cit
1039,ciu
1040,ciuc
1041,cié
1042,ción
1043,ciú
1044,cią
1045,cińs
1046,ciş
1047,cla
1048,clac
1049,clai
1050,clair
1051,clar
1052,clarks
1053,claust
1054,clav
1055,clay
1056,cle
1057,clear
1058,cleck
1059,cleet
1060,clem
1061,cler
1062,cles
1063,cli
1064,clic
1065,clid
1066,clif
1067,cliff
1068,clin
1069,clit
1070,clo
1071,cloa
1072,clop
1073,cloud
1074,clu
1075,clua
1076,club
1077,cluj
1078,cly
1079,cláu
1080,cma
1081,cmel
1082,cmá
1083,cna
1084,co
1085,coa
1086,coac
1087,coal
1088,coas
1089,coast
1090,coat
1091,cob
1092,coc
1093,cock
1094,cocks
1095,cod
1096,coe
1097,coel
1098,coes
1099,coff
1100,coffs
1101,coh
1102,coi
1103,coil
1104,coim
1105,coing
1106,coish
1107,col
1108,colc
1109,coln
1110,com
1111,comb
1112,combs
1113,comp
1114,con
1115,conc
1116,cong
1117,cons
1118,coo
1119,cook
1120,coon
1121,coor
1122,coos
1123,cop
1124,cor
1125,cord
1126,cork
1127,corn
1128,corps
1129,corts
1130,cos
1131,cot
1132,cott
1133,cou
1134,couc
1135,coun
1136,cour
1137,court
1138,cow
1139,cox
1140,coy
1141,coín
1142,cra
1143,crai
1144,crails
1145,cran
1146,crans
1147,crau
1148,craw
1149,cre
1150,creek
1151,creil
1152,cres
1153,crest
1154,creu
1155,cri
1156,crim
1157,cring
1158,crip
1159,cris
1160,cro
1161,croa
1162,crof
1163,croix
1164,cron
1165,cros
1166,crown
1167,croy
1168,cru
1169,cruz
1170,crys
1171,cré
1172,csa
1173,csi
1174,cson
1175,csés
1176,cu
1177,cua
1178,cuac
1179,cual
1180,cuam
1181,cuar
1182,cuc
1183,cud
1184,cue
1185,cuel
1186,cuen
1187,cuer
1188,cues
1189,cui
1190,cuijk
1191,cuik
1192,cuin
1193,cuk
1194,cul
1195,cum
1196,cun
1197,cung
1198,cuns
1199,cur
1200,curc
1201,cus
1202,cut
1203,cutt
1204,cux
1205,cuy
1206,cuí
1207,cuñ
1208,cworth
1209,cy
1210,cyan
1211,cyo
1212,cyr
1213,cza
1214,cze
1215,czec
1216,czech
1217,czer
1218,czew
1219,czna
1220,czno
1221,czy
1222,częs
1223,cà
1224,càs
1225,cá
1226,cái
1227,cál
1228,cám
1229,cán
1230,cár
1231,cás
1232,cát
1233,câ
1234,câm
1235,cân
1236,cè
1237,cé
1238,cém
1239,cê
1240,cë
1241,cí
1242,cía
1243,cías
1244,cím
1245,có
1246,cón
1247,cór
1248,cô
1249,cú
1250,cúa
1251,cún
1252,cük
1253,cău
1254,cē
1255,cı
1256,cık
1257,cła
1258,cław
1259,cşa
1260,cșa
1261,cần
1262,cầu
1263,cẩm
1264,củ
1265,d.c.
1266,da
1267,daal
1268,daan
1269,dab
1270,dac
1271,dach
1272,dad
1273,dae
1274,daen
1275,daeng
1276,daet
1277,dag
1278,dah
1279,dai
1280,daic
1281,daj
1282,dak
1283,dal
1284,dalf
1285,dalk
1286,dall
1287,dalls
1288,dam
1289,dams
1290,dan
1291,dang
1292,dans
1293,dant
1294,dants
1295,dao
1296,dap
1297,dar
1298,darb
1299,dard
1300,dark
1301,darms
1302,darz
1303,das
1304,dash
1305,dasht
1306,dat
1307,dau
1308,daun
1309,daund
1310,daup
1311,daur
1312,daw
1313,dax
1314,day
1315,dayr
1316,daz
1317,daí
1318,daï
1319,daörs
1320,dač
1321,dağ
1322,daň
1323,daş
1324,de
1325,dea
1326,dean
1327,dear
1328,deb
1329,dec
1330,ded
1331,dee
1332,deen
1333,deep
1334,deer
1335,def
1336,deg
1337,deh
1338,dei
1339,dein
1340,deir
1341,deis
1342,dej
1343,dek
1344,del
1345,delc
1346,deld
1347,delf
1348,delfs
1349,delft
1350,dell
1351,delp
1352,dels
1353,delt
1354,dem
1355,den
1356,deng
1357,dengz
1358,dens
1359,densc
1360,dent
1361,deo
1362,deps
1363,der
1364,dern
1365,ders
1366,dersc
1367,dert
1368,des
1369,desh
1370,det
1371,dets
1372,deu
1373,deus
1374,deutz
1375,deux
1376,dev
1377,dey
1378,deys
1379,dez
1380,dezh
1381,deán
1382,deç
1383,deş
1384,deūl
1385,dfil
1386,dfon
1387,dford
1388,dfrey
1389,dfū
1390,dha
1391,dham
1392,dhan
1393,dhand
1394,dhar
1395,dharm
1396,dhau
1397,dhaul
1398,dhayd
1399,dhe
1400,dhen
1401,dhing
1402,dho
1403,dhol
1404,dhrol
1405,dhrān
1406,dhu
1407,dhup
1408,dhā
1409,dhām
1410,dhār
1411,dhī
1412,dhū
1413,di
1414,dia
1415,diac
1416,dian
1417,dias
1418,dib
1419,dic
1420,die
1421,dien
1422,diep
1423,diest
1424,diet
1425,diez
1426,dif
1427,diff
1428,dig
1429,dih
1430,diin
1431,dij
1432,dijk
1433,dil
1434,dim
1435,din
1436,ding
1437,dingc
1438,dings
1439,dingz
1440,dins
1441,dinsk
1442,dio
1443,dios
1444,dip
1445,dir
1446,dis
1447,dishc
1448,dist
1449,dit
1450,ditch
1451,ditj
1452,dits
1453,ditsk
1454,ditz
1455,diu
1456,diun
1457,div
1458,dix
1459,diy
1460,diys
1461,diz
1462,diç
1463,dié
1464,diā
1465,diād
1466,diān
1467,diş
1468,diš
1469,dja
1470,djel
1471,djem
1472,dji
1473,djir
1474,djou
1475,djén
1476,dla
1477,dlag
1478,dland
1479,dlands
1480,dlar
1481,dlas
1482,dlawn
1483,dlay
1484,dle
1485,dlea
1486,dler
1487,dlers
1488,dles
1489,dlet
1490,dley
1491,dli
1492,dlib
1493,dlin
1494,dling
1495,dlitz
1496,dliān
1497,dlo
1498,dlovs
1499,dlow
1500,dlu
1501,dlā
1502,dma
1503,dman
1504,dmaït
1505,dme
1506,dmi
1507,dmie
1508,dmins
1509,dmo
1510,dmon
1511,dmond
1512,dmonds
1513,dmunds
1514,dmur
1515,dna
1516,dnay
1517,dne
1518,dner
1519,dnes
1520,dneu
1521,dney
1522,dni
1523,dnie
1524,dnik
1525,dnis
1526,dno
1527,dnor
1528,dnoy
1529,dnya
1530,dnyy
1531,dnā
1532,dnūn
1533,dnūr
1534,do
1535,doa
1536,doah
1537,doar
1538,dobsk
1539,dock
1540,dod
1541,doe
1542,dog
1543,dohl
1544,doi
1545,dois
1546,dok
1547,dol
1548,dolf
1549,dolph
1550,dols
1551,dolsk
1552,dom
1553,doms
1554,don
1555,donck
1556,dong
1557,dongs
1558,dons
1559,donsk
1560,doo
1561,door
1562,doorn
1563,doost
1564,dor
1565,dorc
1566,dorf
1567,dorm
1568,dorn
1569,dorp
1570,dors
1571,dos
1572,dot
1573,dou
1574,douc
1575,douf
1576,douk
1577,doun
1578,dour
1579,doutc
1580,doux
1581,douz
1582,dovs
1583,dovsk
1584,dow
1585,down
1586,downs
1587,dows
1588,doz
1589,doāb
1590,doğ
1591,doī
1592,dra
1593,draa
1594,drach
1595,drakh
1596,dral
1597,dram
1598,dran
1599,drand
1600,drar
1601,dras
1602,drau
1603,dre
1604,drean
1605,drecht
1606,dred
1607,drei
1608,drell
1609,drens
1610,dres
1611,dreu
1612,dreux
1613,drews
1614,drey
1615,dri
1616,dria
1617,drian
1618,dric
1619,drichs
1620,drid
1621,drie
1622,drik
1623,driks
1624,drim
1625,drin
1626,drinsk
1627,drio
1628,drion
1629,dris
1630,driy
1631,drià
1632,dro
1633,droc
1634,drog
1635,droic
1636,drom
1637,dron
1638,drop
1639,drov
1640,drovs
1641,drovsk
1642,droú
1643,dru
1644,drug
1645,druid
1646,drukh
1647,drum
1648,drus
1649,druzh
1650,dry
1651,dryc
1652,dryn
1653,drá
1654,dré
1655,drés
1656,drí
1657,drój
1658,drón
1659,drów
1660,drā
1661,drāc
1662,dră
1663,drą
1664,drőd
1665,dsar
1666,dsas
1667,dsaur
1668,dsay
1669,dschang
1670,dsee
1671,dsey
1672,dson
1673,dsor
1674,dsvall
1675,dsvik
1676,dsvil
1677,dswood
1678,dsworth
1679,dsīr
1680,du
1681,dua
1682,duak
1683,duar
1684,dub
1685,duc
1686,due
1687,dueng
1688,duf
1689,dug
1690,dui
1691,duis
1692,duk
1693,dul
1694,dulph
1695,dum
1696,dun
1697,dung
1698,duo
1699,dur
1700,durg
1701,dus
1702,dut
1703,duurs
1704,duy
1705,duz
1706,duł
1707,duş
1708,duš
1709,dva
1710,dvanj
1711,dve
1712,dvel
1713,dvez
1714,dvezh
1715,dvi
1716,dview
1717,dvil
1718,dvinsk
1719,dvir
1720,dvo
1721,dvoort
1722,dvād
1723,dvůr
1724,dwa
1725,dwar
1726,dward
1727,dwell
1728,dwest
1729,dwey
1730,dwi
1731,dwich
1732,dwick
1733,dwigs
1734,dwij
1735,dwijk
1736,dwin
1737,dwitz
1738,dwood
1739,dworth
1740,dwór
1741,dwā
1742,dwāl
1743,dwār
1744,dwīp
1745,dy
1746,dya
1747,dyach
1748,dyan
1749,dyans
1750,dyat
1751,dyc
1752,dye
1753,dyer
1754,dyers
1755,dyk
1756,dym
1757,dyn
1758,dyshc
1759,dyur
1760,dyz
1761,dyāl
1762,dza
1763,dzad
1764,dzao
1765,dzerz
1766,dzevs
1767,dzha
1768,dzhan
1769,dzhe
1770,dzi
1771,dzia
1772,dzie
1773,dzier
1774,dzin
1775,dzion
1776,dzishc
1777,dzisk
1778,dziądz
1779,dzo
1780,dzor
1781,dzou
1782,dzyarz
1783,dzyec
1784,dzyn
1785,dzyr
1786,dzyń
1787,dzüün
1788,dá
1789,dán
1790,dão
1791,dè
1792,dès
1793,dé
1794,déa
1795,dél
1796,dê
1797,dë
1798,dën
1799,dër
1800,dí
1801,día
1802,díaz
1803,díez
1804,dín
1805,dîr
1806,dò
1807,dó
1808,dói
1809,dón
1810,dós
1811,dów
1812,dô
1813,dões
1814,dö
1815,döl
1816,dör
1817,dø
1818,dú
1819,dún
1820,dús
1821,dü
1822,dül
1823,dürk
1824,düs
1825,düz
1826,dýs
1827,dā
1828,dāb
1829,dād
1830,dāh
1831,dāl
1832,dām
1833,dāmg
1834,dān
1835,dār
1836,dārc
1837,dārs
1838,dārw
1839,dāūd
1840,dă
1841,dău
1842,dą
1843,dē
1844,dēz
1845,dė
1846,dę
1847,dě
1848,děč
1849,dī
1850,dīd
1851,dīg
1852,dīh
1853,dīn
1854,dīp
1855,dīr
1856,dīs
1857,dīsh
1858,dīt
1859,dīy
1860,dı
1861,dın
1862,dır
1863,dıy
1864,dō
1865,dœu
1866,dřa
1867,dřic
1868,dū
1869,dūn
1870,dūr
1871,dŭs
1872,dź
1873,dương
1874,dầu
1875,e
1876,ea
1877,ear
1878,earl
1879,earls
1880,eas
1881,east
1882,eastc
1883,ec
1884,ech
1885,ed
1886,ee
1887,eer
1888,ef
1889,eg
1890,eh
1891,ei
1892,eims
1893,ein
1894,eind
1895,ej
1896,ek
1897,el
1898,elc
1899,elk
1900,ell
1901,elm
1902,elms
1903,els
1904,elst
1905,elt
1906,em
1907,ems
1908,en
1909,enc
1910,end
1911,enk
1912,ens
1913,ensc
1914,enz
1915,ep
1916,eq
1917,er
1918,erfts
1919,ern
1920,ernstt
1921,ers
1922,ersc
1923,es
1924,esb
1925,esc
1926,esch
1927,esz
1928,et
1929,eu
1930,eul
1931,eus
1932,ev
1933,evs
1934,evsk
1935,ew
1936,ex
1937,ey
1938,eyl
1939,ez
1940,eğ
1941,ełk
1942,eṭ
1943,fa
1944,faa
1945,fac
1946,fae
1947,fael
1948,faen
1949,fah
1950,fahrn
1951,fahs
1952,fai
1953,fail
1954,fair
1955,faiz
1956,fak
1957,fal
1958,fall
1959,falls
1960,fals
1961,fan
1962,fanc
1963,fang
1964,fangs
1965,far
1966,fark
1967,farm
1968,farms
1969,fars
1970,fas
1971,fashn
1972,fast
1973,fat
1974,fault
1975,fax
1976,fay
1977,faḥm
1978,faḩ
1979,fe
1980,fed
1981,fee
1982,fei
1983,feic
1984,fel
1985,feld
1986,fell
1987,fels
1988,fen
1989,feng
1990,fengc
1991,fenn
1992,fens
1993,feo
1994,fer
1995,fern
1996,fers
1997,fes
1998,fet
1999,feu
2000,fez
2001,fi
2002,fia
2003,fian
2004,fic
2005,field
2006,fields
2007,fier
2008,figh
2009,fik
2010,fil
2011,fill
2012,fils
2013,fim
2014,fimsk
2015,fin
2016,fing
2017,finn
2018,fins
2019,fio
2020,fips
2021,fir
2022,firs
2023,fis
2024,fish
2025,fit
2026,fitch
2027,fith
2028,fiu
2029,fium
2030,fià
2031,fkih
2032,fla
2033,flacq
2034,flags
2035,flan
2036,flans
2037,flay
2038,fleet
2039,flen
2040,flens
2041,flers
2042,flet
2043,fleu
2044,fli
2045,flin
2046,flint
2047,flo
2048,floi
2049,flong
2050,flor
2051,flou
2052,flying
2053,flèc
2054,flé
2055,fló
2056,flörs
2057,fman
2058,fna
2059,fnarf
2060,fni
2061,fní
2062,fo
2063,foc
2064,fod
2065,fog
2066,fok
2067,fol
2068,folk
2069,fon
2070,fond
2071,fonds
2072,fons
2073,font
2074,foort
2075,foot
2076,for
2077,forch
2078,ford
2079,fords
2080,fork
2081,forks
2082,fors
2083,forst
2084,fort
2085,fos
2086,fou
2087,foum
2088,foun
2089,four
2090,fours
2091,fous
2092,foy
2093,foz
2094,foç
2095,fra
2096,frac
2097,fract
2098,frai
2099,fran
2100,franc
2101,franks
2102,fraq
2103,fras
2104,frat
2105,frath
2106,frats
2107,frau
2108,fray
2109,fre
2110,frec
2111,fred
2112,free
2113,frees
2114,frei
2115,fren
2116,french
2117,freu
2118,frew
2119,fri
2120,fria
2121,frie
2122,fried
2123,frien
2124,frio
2125,fris
2126,fro
2127,fron
2128,frou
2129,froun
2130,fru
2131,fruit
2132,frya
2133,fré
2134,fría
2135,frön
2136,frý
2137,frī
2138,frīn
2139,fshat
2140,fu
2141,fuc
2142,fue
2143,fuen
2144,ful
2145,fun
2146,func
2147,fur
2148,furt
2149,fus
2150,fut
2151,fuw
2152,fuy
2153,fuz
2154,fwei
2155,fwá
2156,fwā
2157,fy
2158,fya
2159,fyl
2160,fyon
2161,fàs
2162,fá
2163,fán
2164,fân
2165,fçi
2166,fès
2167,fé
2168,fí
2169,fót
2170,fów
2171,för
2172,fú
2173,fürs
2174,fürth
2175,fā
2176,fāl
2177,fān
2178,fār
2179,fāw
2180,fāy
2181,fă
2182,făl
2183,fī
2184,fīf
2185,fīy
2186,fş
2187,fşin
2188,fū
2189,fūf
2190,g
2191,ga
2192,gaa
2193,gaaj
2194,gaal
2195,gaan
2196,gac
2197,gach
2198,gad
2199,gadh
2200,gads
2201,gae
2202,gaf
2203,gag
2204,gai
2205,gail
2206,gain
2207,gaing
2208,gait
2209,gal
2210,galt
2211,gam
2212,gan
2213,ganch
2214,gang
2215,ganj
2216,gans
2217,gansk
2218,gao
2219,gaon
2220,gaoz
2221,gap
2222,gar
2223,garc
2224,gard
2225,garh
2226,garhs
2227,garm
2228,garr
2229,garsk
2230,gart
2231,gas
2232,gash
2233,gat
2234,gatc
2235,gau
2236,gaul
2237,gaum
2238,gaur
2239,gav
2240,gaw
2241,gay
2242,gaz
2243,gañ
2244,gań
2245,gba
2246,gbarn
2247,gbon
2248,gcearr
2249,gdańs
2250,gdańsk
2251,gdy
2252,ge
2253,gea
2254,ged
2255,gee
2256,geel
2257,geer
2258,geest
2259,geh
2260,gei
2261,geijk
2262,gein
2263,geis
2264,gel
2265,gelc
2266,gell
2267,geln
2268,gels
2269,gem
2270,gen
2271,gench
2272,gend
2273,genk
2274,gens
2275,gent
2276,genz
2277,geoktsc
2278,geor
2279,geos
2280,gep
2281,ger
2282,gerd
2283,gern
2284,gers
2285,gerst
2286,ges
2287,gesc
2288,gess
2289,get
2290,gev
2291,gey
2292,gez
2293,geç
2294,geş
2295,gfang
2296,gfeng
2297,gfield
2298,gford
2299,gha
2300,gham
2301,ghan
2302,ghar
2303,gharb
2304,ghat
2305,ghaus
2306,ghdir
2307,ghe
2308,gheb
2309,gheorg
2310,gher
2311,ghi
2312,ghij
2313,gho
2314,ghor
2315,ghot
2316,ghu
2317,ghā
2318,gi
2319,gia
2320,gian
2321,giang
2322,giar
2323,gic
2324,gid
2325,gie
2326,gien
2327,gier
2328,giers
2329,gif
2330,gil
2331,gilc
2332,gill
2333,gim
2334,gimc
2335,gin
2336,ging
2337,gins
2338,ginsk
2339,gio
2340,gion
2341,gior
2342,gios
2343,gir
2344,girt
2345,gis
2346,gisch
2347,gist
2348,giu
2349,gium
2350,giur
2351,gius
2352,giv
2353,giy
2354,giá
2355,giò
2356,giż
2357,giờ
2358,gja
2359,gji
2360,gjø
2361,gla
2362,glad
2363,glads
2364,glaj
2365,glan
2366,glang
2367,glas
2368,glass
2369,glauc
2370,glaur
2371,gle
2372,glebsk
2373,glei
2374,glen
2375,gleng
2376,glenn
2377,gles
2378,glet
2379,gley
2380,gli
2381,glia
2382,gliang
2383,glias
2384,glich
2385,glie
2386,glin
2387,gling
2388,glio
2389,glion
2390,glitz
2391,gliu
2392,glo
2393,gloi
2394,glong
2395,glongs
2396,glos
2397,glou
2398,glu
2399,glung
2400,gly
2401,gléd
2402,gló
2403,glūr
2404,gma
2405,gman
2406,gmea
2407,gmei
2408,gmen
2409,gmi
2410,gming
2411,gmont
2412,gmyŏng
2413,gmé
2414,gmünd
2415,gna
2416,gnac
2417,gnam
2418,gnan
2419,gnaux
2420,gnay
2421,gne
2422,gnell
2423,gnes
2424,gness
2425,gneus
2426,gneux
2427,gni
2428,gnia
2429,gnian
2430,gnie
2431,gnier
2432,gnies
2433,gnim
2434,gning
2435,gnitz
2436,gno
2437,gnoa
2438,gnols
2439,gnon
2440,gnor
2441,gny
2442,gnye
2443,gné
2444,go
2445,goa
2446,goas
2447,goc
2448,goch
2449,god
2450,goe
2451,goes
2452,goev
2453,gog
2454,goh
2455,goi
2456,goin
2457,goir
2458,goj
2459,gok
2460,gol
2461,gold
2462,golds
2463,gols
2464,gom
2465,gon
2466,gong
2467,gongc
2468,gongz
2469,gonj
2470,goo
2471,goor
2472,gor
2473,gorn
2474,gorsk
2475,gos
2476,goszcz
2477,got
2478,goth
2479,gou
2480,goul
2481,gould
2482,gour
2483,gourt
2484,gous
2485,govs
2486,gow
2487,goy
2488,goz
2489,gozhsk
2490,goâ
2491,goāl
2492,gra
2493,graaff
2494,grach
2495,grad
2496,grads
2497,graf
2498,gram
2499,gran
2500,grand
2501,grants
2502,grao
2503,graon
2504,grap
2505,gras
2506,grat
2507,grau
2508,gray
2509,graz
2510,grazh
2511,grač
2512,gre
2513,grea
2514,great
2515,greb
2516,greb-
2517,gree
2518,green
2519,greens
2520,greer
2521,greif
2522,greiz
2523,grell
2524,grem
2525,gren
2526,grenc
2527,gres
2528,gri
2529,grial
2530,grie
2531,gries
2532,grif
2533,grim
2534,grin
2535,gro
2536,groa
2537,groes
2538,grol
2539,groo
2540,gros
2541,grot
2542,ground
2543,groß
2544,groñ
2545,gru
2546,grua
2547,grul
2548,grun
2549,grunn
2550,gry
2551,grya
2552,gryz
2553,grà
2554,grá
2555,grád
2556,grán
2557,grè
2558,grí
2559,grö
2560,grāj
2561,grām
2562,grān
2563,grūl
2564,grūr
2565,gsa
2566,gsam
2567,gsan
2568,gsang
2569,gsao
2570,gsar
2571,gsay
2572,gsem
2573,gsfel
2574,gsi
2575,gsian
2576,gsight
2577,gsir
2578,gsit
2579,gsland
2580,gslut
2581,gsma
2582,gso
2583,gsong
2584,gsu
2585,gsung
2586,gsvil
2587,gswin
2588,gswood
2589,gsås
2590,gsā
2591,gsŏng
2592,gu
2593,gua
2594,guac
2595,guam
2596,guan
2597,guanc
2598,guang
2599,guangs
2600,guangz
2601,guanz
2602,guar
2603,guas
2604,gub
2605,guc
2606,gud
2607,gue
2608,guec
2609,guel
2610,guelph
2611,guer
2612,guern
2613,gues
2614,guet
2615,guez
2616,gui
2617,guig
2618,guil
2619,guim
2620,guin
2621,guinc
2622,guis
2623,gul
2624,gulf
2625,gum
2626,gun
2627,gund
2628,gung
2629,gunj
2630,guo
2631,guoz
2632,gup
2633,gur
2634,gus
2635,gusk
2636,gut
2637,guy
2638,guz
2639,guá
2640,guán
2641,guç
2642,gué
2643,guí
2644,guín
2645,gva
2646,gvar
2647,gviang
2648,gview
2649,gvil
2650,gwa
2651,gwan
2652,gwang
2653,gwar
2654,gwas
2655,gwav
2656,gway
2657,gwe
2658,gwea
2659,gwei
2660,gwi
2661,gwijk
2662,gwil
2663,gwo
2664,gwon
2665,gwood
2666,gwu
2667,gwā
2668,gwŏn
2669,gy
2670,gya
2671,gyan
2672,gyang
2673,gyar
2674,gyas
2675,gye
2676,gyi
2677,gyin
2678,gyo
2679,gypt
2680,gyu
2681,gyum
2682,gyunn
2683,gyzs
2684,gyál
2685,gyön
2686,gyös
2687,gyō
2688,gyŏn
2689,győr
2690,gzi
2691,gá
2692,gál
2693,gán
2694,gâ
2695,gä
2696,gälv
2697,gäu
2698,gå
2699,gè
2700,gé
2701,gés
2702,gía
2703,gín
2704,gó
2705,gón
2706,gór
2707,gós
2708,gów
2709,gö
2710,göd
2711,göl
2712,göp
2713,gör
2714,göt
2715,gør
2716,gún
2717,gü
2718,güe
2719,güez
2720,güi
2721,gün
2722,günz
2723,güp
2724,gür
2725,güs
2726,güí
2727,gā
2728,gāc
2729,gād
2730,gāh
2731,gāi
2732,gāil
2733,gāk
2734,gāl
2735,gām
2736,gān
2737,gānd
2738,gāon
2739,gāy
2740,gă
2741,găe
2742,găş
2743,gī
2744,gīev
2745,gīr
2746,gło
2747,głow
2748,głuc
2749,gō
2750,gū
2751,gūd
2752,gūn
2753,gūr
2754,gŭrg
2755,gž
2756,ha
2757,haaks
2758,haal
2759,haan
2760,haar
2761,haat
2762,hab
2763,hac
2764,hach
2765,hacht
2766,had
2767,hae
2768,hael
2769,haeng
2770,haf
2771,haft
2772,hag
2773,hah
2774,hahr
2775,hai
2776,haic
2777,hain
2778,haip
2779,hais
2780,hait
2781,haiz
2782,haj
2783,hak
2784,hakh
2785,hal
2786,half
2787,hall
2788,halms
2789,hals
2790,ham
2791,hamm
2792,hamn
2793,hamp
2794,hams
2795,han
2796,hanc
2797,hand
2798,hang
2799,hangz
2800,hans
2801,hansk
2802,hanz
2803,hao
2804,haq
2805,har
2806,hard
2807,hards
2808,hardt
2809,harm
2810,hars
2811,hart
2812,harz
2813,has
2814,hash
2815,hasht
2816,hat
2817,hats
2818,hatz
2819,hau
2820,hault
2821,haup
2822,haur
2823,haus
2824,hav
2825,havn
2826,haw
2827,hawt
2828,hay
2829,hays
2830,haysk
2831,haß
2832,haém
2833,haël
2834,haï
2835,haÿ
2836,hać
2837,he
2838,hea
2839,head
2840,hearn
2841,heath
2842,heb
2843,hec
2844,hed
2845,hee
2846,heems
2847,heer
2848,heesch
2849,hefs
2850,heh
2851,hehr
2852,hei
2853,heid
2854,heights
2855,heil
2856,heim
2857,hein
2858,heins
2859,heis
2860,heist
2861,hej
2862,hel
2863,helch
2864,hell
2865,helms
2866,hels
2867,hem
2868,hemps
2869,hen
2870,hend
2871,heng
2872,hengc
2873,hengs
2874,hens
2875,hensc
2876,hensk
2877,hent
2878,heon
2879,hep
2880,her
2881,herms
2882,hern
2883,hers
2884,hersk
2885,herst
2886,hes
2887,het
2888,hetsk
2889,hett
2890,hetts
2891,heu
2892,heung
2893,heus
2894,hev
2895,hevs
2896,hevsk
2897,hews
2898,hey
2899,hez
2900,hfeld
2901,hfield
2902,hfir
2903,hford
2904,hi
2905,hia
2906,hian
2907,hib
2908,hic
2909,hid
2910,hie
2911,hig
2912,high
2913,hii
2914,hik
2915,hil
2916,hilc
2917,hill
2918,hills
2919,him
2920,hin
2921,hinc
2922,hind
2923,hing
2924,hins
2925,hinsk
2926,hint
2927,hio
2928,hip
2929,hiq
2930,hir
2931,hirs
2932,his
2933,hisn
2934,hit
2935,hiu
2936,hiv
2937,hivs
2938,hiy
2939,hiā
2940,hiō
2941,hiș
2942,hjør
2943,hla
2944,hlac
2945,hland
2946,hlands
2947,hlat
2948,hlaul
2949,hle
2950,hlei
2951,hlem
2952,hlen
2953,hley
2954,hli
2955,hlin
2956,hlo
2957,hloq
2958,hlov
2959,hluk
2960,hly
2961,hlé
2962,hlā
2963,hlān
2964,hlīs
2965,hma
2966,hmach
2967,hmad
2968,hman
2969,hmar
2970,hme
2971,hmed
2972,hmes
2973,hmi
2974,hmond
2975,hmor
2976,hmu
2977,hmuk
2978,hmun
2979,hmy
2980,hmān
2981,hmī
2982,hmīm
2983,hmūn
2984,hməd
2985,hna
2986,hnab
2987,hnal
2988,hnau
2989,hnay
2990,hne
2991,hnert
2992,hneu
2993,hni
2994,hnia
2995,hniy
2996,hno
2997,hnoe
2998,hnou
2999,hnow
3000,hnoy
3001,hnu
3002,hny
3003,hnya
3004,hnyy
3005,hnë
3006,hnā
3007,hnān
3008,hnīn
3009,hnūr
3010,ho
3011,hobbs
3012,hoc
3013,hoch
3014,hod
3015,hoe
3016,hoek
3017,hoen
3018,hoens
3019,hoes
3020,hof
3021,hoh
3022,hoi
3023,hok
3024,hokh
3025,hol
3026,holm
3027,hols
3028,holt
3029,holz
3030,hom
3031,homs
3032,hon
3033,honc
3034,hong
3035,hongch
3036,hoo
3037,hood
3038,hoofd
3039,hoogs
3040,hoop
3041,hoorn
3042,hop
3043,hops
3044,hor
3045,horb
3046,horn
3047,hornc
3048,horns
3049,hors
3050,horsk
3051,horst
3052,horsts
3053,horts
3054,hos
3055,hot
3056,hott
3057,hou
3058,hough
3059,houm
3060,houmt
3061,houn
3062,hous
3063,hout
3064,hov
3065,hovd
3066,hovsk
3067,how
3068,howk
3069,hox
3070,hoy
3071,hoç
3072,hoł
3073,hoš
3074,hpa
3075,hra
3076,hraa
3077,hrad
3078,hraigh
3079,hrain
3080,hrak
3081,hram
3082,hran
3083,hraon
3084,hras
3085,hrau
3086,hraz
3087,hraí
3088,hre
3089,hren
3090,hrens
3091,hres
3092,hreẕ
3093,hri
3094,hribs
3095,hrid
3096,hrin
3097,hris
3098,hro
3099,hrod
3100,hrop
3101,hror
3102,hru
3103,hrud
3104,hrump
3105,hrwei
3106,hrā
3107,hrāb
3108,hrāj
3109,hrān
3110,hrāy
3111,hrīn
3112,hrīz
3113,hrīār
3114,hsal
3115,hsas
3116,hsea
3117,hsfel
3118,hsinc
3119,hsiung
3120,hsu
3121,hu
3122,hua
3123,huac
3124,hual
3125,huam
3126,huan
3127,huang
3128,huangs
3129,huangz
3130,huap
3131,huar
3132,huaz
3133,hud
3134,hue
3135,huel
3136,huen
3137,hues
3138,hui
3139,huic
3140,huix
3141,huiz
3142,huk
3143,huks
3144,hul
3145,hulk
3146,hull
3147,hum
3148,hun
3149,hunc
3150,hung
3151,huns
3152,hunt
3153,huo
3154,hur
3155,hurch
3156,hurg
3157,hurst
3158,hus
3159,hut
3160,hutc
3161,hutt
3162,huy
3163,huz
3164,huá
3165,huér
3166,huş
3167,huế
3168,hva
3169,hvar
3170,hvaz
3171,hvi
3172,hview
3173,hvil
3174,hvin
3175,hvis
3176,hvā
3177,hwa
3178,hwac
3179,hwah
3180,hwan
3181,hwang
3182,hwar
3183,hwau
3184,hway
3185,hwe
3186,hwei
3187,hweig
3188,hwen
3189,hwich
3190,hwick
3191,hwil
3192,hworth
3193,hwā
3194,hwān
3195,hy
3196,hya
3197,hyam
3198,hyat
3199,hye
3200,hym
3201,hyn
3202,hyns
3203,hynsk
3204,hyr
3205,hyè
3206,hyā
3207,hyār
3208,hzād
3209,hà
3210,há
3211,hács
3212,hán
3213,hâ
3214,hã
3215,hães
3216,hão
3217,hä
3218,här
3219,häs
3220,hät
3221,häu
3222,hçe
3223,hè
3224,hèk
3225,hé
3226,héa
3227,hén
3228,hér
3229,hét
3230,héus
3231,hë
3232,hëk
3233,hër
3234,hëvs
3235,hëvsk
3236,hía
3237,hîn
3238,hòa
3239,hó
3240,hóa
3241,hów
3242,hö
3243,hön
3244,höngg
3245,hörs
3246,höv
3247,höx
3248,høj
3249,hørs
3250,hú
3251,hüc
3252,hün
3253,hürth
3254,hüt
3255,hā
3256,hāb
3257,hāc
3258,hād
3259,hāg
3260,hāh
3261,hāi
3262,hāl
3263,hām
3264,hān
3265,hānd
3266,hāo
3267,hār
3268,hāt
3269,hāu
3270,hāud
3271,hāz
3272,hăt
3273,hē
3274,hī
3275,hīd
3276,hīm
3277,hīn
3278,hīnsk
3279,hīp
3280,hīr
3281,hīs
3282,hīt
3283,hīy
3284,hı
3285,hło
3286,hō
3287,hōy
3288,hŏn
3289,hři
3290,hří
3291,hţā
3292,hū
3293,hūc
3294,hūd
3295,hūn
3296,hūnd
3297,hūng
3298,hūr
3299,hūō
3300,hūţ
3301,hŭk
3302,hŭn
3303,hŭng
3304,hův
3305,hưng
3306,ẖa
3307,ẖo
3308,hạ
3309,hải
3310,hội
3311,i
3312,i.
3313,ia
3314,ib
3315,ibb
3316,ibs
3317,ic
3318,ich
3319,ichc
3320,id
3321,ids
3322,ie
3323,if
3324,ig
3325,ii
3326,ij
3327,ik
3328,il
3329,ilc
3330,ill
3331,ilm
3332,im
3333,imp
3334,in
3335,inc
3336,ing
3337,ink
3338,inn
3339,inns
3340,insk
3341,io
3342,ip
3343,ir
3344,is
3345,isc
3346,ish
3347,it
3348,iu
3349,iv
3350,ix
3351,iy
3352,iz
3353,izz
3354,iç
3355,ił
3356,iţ
3357,i̇
3358,i̇s
3359,ja
3360,jaa
3361,jab
3362,jac
3363,jad
3364,jaen
3365,jaf
3366,jag
3367,jah
3368,jai
3369,jain
3370,jais
3371,jak
3372,jal
3373,jam
3374,jamk
3375,jams
3376,jan
3377,jand
3378,jang
3379,jansk
3380,jao
3381,jar
3382,jas
3383,jash
3384,jastr
3385,jat
3386,jau
3387,jaun
3388,jaur
3389,jaw
3390,jawf
3391,jaws
3392,jax
3393,jay
3394,jayl
3395,jaén
3396,jaí
3397,jaï
3398,jaú
3399,jaúj
3400,jbaïl
3401,je
3402,jea
3403,jean
3404,jeb
3405,jed
3406,jeev
3407,jef
3408,jei
3409,jek
3410,jel
3411,jelcz
3412,jem
3413,jen
3414,jenks
3415,jeon
3416,jeong
3417,jer
3418,jerd
3419,jerg
3420,jes
3421,jet
3422,jey
3423,jez
3424,ječ
3425,jfa
3426,jha
3427,jhaj
3428,jhang
3429,jhanj
3430,jhe
3431,jhin
3432,jhinj
3433,jhir
3434,jhol
3435,jhum
3436,jhunj
3437,jhā
3438,jhāl
3439,jhān
3440,jhār
3441,jhīnj
3442,jhū
3443,ji
3444,jia
3445,jian
3446,jiang
3447,jias
3448,jiaz
3449,jic
3450,jid
3451,jidd
3452,jie
3453,jies
3454,jig
3455,jii
3456,jil
3457,jin
3458,jinc
3459,jing
3460,jingz
3461,jins
3462,jinz
3463,jio
3464,jip
3465,jir
3466,jis
3467,jisr
3468,jit
3469,jiu
3470,jiy
3471,jiz
3472,jič
3473,jlad
3474,jle
3475,jlen
3476,jlūn
3477,jma
3478,jman
3479,jme
3480,jmer
3481,jmia
3482,jmo
3483,jna
3484,jnac
3485,jne
3486,jni
3487,jno
3488,jnor
3489,jnów
3490,jnā
3491,jnāth
3492,jnūrd
3493,jo
3494,joa
3495,joal
3496,joan
3497,jod
3498,jodh
3499,joel
3500,joen
3501,joens
3502,jog
3503,john
3504,johns
3505,joi
3506,join
3507,jok
3508,jom
3509,jon
3510,jor
3511,jord
3512,jos
3513,jou
3514,jout
3515,jov
3516,joy
3517,joz
3518,joã
3519,jra
3520,jrau
3521,jrān
3522,jrāt
3523,jsa
3524,jse
3525,jsen
3526,jssel
3527,jssels
3528,jswijk
3529,ju
3530,jua
3531,juan
3532,juc
3533,jud
3534,jue
3535,juez
3536,jui
3537,juif
3538,juiz
3539,juk
3540,jul
3541,jum
3542,jun
3543,junc
3544,jung
3545,jus
3546,just
3547,juy
3548,juá
3549,juí
3550,juïc
3551,jvá
3552,jy
3553,jyk
3554,já
3555,jác
3556,ján
3557,jász
3558,jäm
3559,jär
3560,jé
3561,jë
3562,jó
3563,jón
3564,jów
3565,jö
3566,jön
3567,jú
3568,jü
3569,jüc
3570,jā
3571,jāh
3572,jāi
3573,jāj
3574,jāk
3575,jāl
3576,jām
3577,jān
3578,jānj
3579,jār
3580,jāt
3581,jāā
3582,jē
3583,jędr
3584,jī
3585,jīn
3586,jīnd
3587,jō
3588,jōe
3589,jś
3590,jū
3591,jūin
3592,jūr
3593,jūy
3594,k
3595,ka
3596,kaa
3597,kaarst
3598,kab
3599,kac
3600,kach
3601,kad
3602,kae
3603,kaen
3604,kaeng
3605,kaf
3606,kafr
3607,kah
3608,kai
3609,kaic
3610,kaim
3611,kais
3612,kait
3613,kaj
3614,kak
3615,kakc
3616,kal
3617,kalb
3618,kalg
3619,kalk
3620,kalmt
3621,kam
3622,kamc
3623,kamp
3624,kamsk
3625,kan
3626,kanc
3627,kand
3628,kandh
3629,kang
3630,kansk
3631,kant
3632,kao
3633,kap
3634,kaps
3635,kar
3636,kardz
3637,karl
3638,karls
3639,karm
3640,kars
3641,karsk
3642,kas
3643,kash
3644,kassk
3645,kat
3646,katg
3647,kau
3648,kauf
3649,kauls
3650,kaur
3651,kaus
3652,kav
3653,kaw
3654,kawm
3655,kay
3656,kayf
3657,kays
3658,kaz
3659,kaé
3660,kağ
3661,ke
3662,kea
3663,kear
3664,kearns
3665,keb
3666,kec
3667,kecs
3668,kee
3669,kef
3670,kehl
3671,kei
3672,keig
3673,kek
3674,kel
3675,kelk
3676,keln
3677,kels
3678,kem
3679,kemp
3680,kemps
3681,ken
3682,kens
3683,kensc
3684,kent
3685,keo
3686,keoc
3687,keok
3688,ker
3689,kerc
3690,kerch
3691,kerk
3692,kern
3693,kers
3694,kes
3695,kesh
3696,kessk
3697,keszt
3698,ket
3699,kew
3700,key
3701,keyns
3702,keys
3703,kez
3704,keş
3705,kež
3706,kfar
3707,kfer
3708,kfield
3709,kford
3710,kfort
3711,kfurt
3712,kfı
3713,kha
3714,khad
3715,khae
3716,khaf
3717,khai
3718,khair
3719,khalk
3720,kham
3721,khamb
3722,khan
3723,khao
3724,khar
3725,khark
3726,khas
3727,khawr
3728,khay
3729,khe
3730,khec
3731,khed
3732,khel
3733,khenc
3734,kher
3735,khew
3736,khi
3737,khia
3738,khiar
3739,khilc
3740,khim
3741,khin
3742,khir
3743,khlo
3744,khlong
3745,khmau
3746,khmel
3747,khmil
3748,kho
3749,khoi
3750,kholms
3751,kholmsk
3752,khon
3753,khor
3754,khos
3755,khot
3756,khou
3757,khovd
3758,khro
3759,khrom
3760,khroub
3761,khu
3762,khul
3763,khulm
3764,khum
3765,khums
3766,khun
3767,khur
3768,khurd
3769,khus
3770,khust
3771,khvoy
3772,khvān
3773,khwā
3774,khā
3775,khāc
3776,khām
3777,khān
3778,khānd
3779,khās
3780,khāsh
3781,khōst
3782,khū
3783,khŭ
3784,khương
3785,ki
3786,kia
3787,kiah
3788,kiam
3789,kic
3790,kich
3791,kid
3792,kids
3793,kie
3794,kiel
3795,kiers
3796,kiev
3797,kif
3798,kil
3799,kill
3800,kils
3801,kim
3802,kin
3803,king
3804,kings
3805,kins
3806,kinsk
3807,kiom
3808,kir
3809,kirc
3810,kirch
3811,kirk
3812,kirt
3813,kirz
3814,kis
3815,kisc
3816,kish
3817,kit
3818,kitc
3819,kitts
3820,kiv
3821,kivs
3822,kiy
3823,kiz
3824,kiés
3825,kič
3826,kiş
3827,kiš
3828,kla
3829,klaas
3830,klaeng
3831,klai
3832,klan
3833,kland
3834,klang
3835,klat
3836,kle
3837,kled
3838,klee
3839,klei
3840,klein
3841,kler
3842,klerks
3843,kles
3844,klesh
3845,kley
3846,kli
3847,klin
3848,kling
3849,kliy
3850,klo
3851,klok
3852,kloof
3853,klos
3854,kluang
3855,klucz
3856,klung
3857,klyn
3858,klyuch
3859,kláš
3860,klós
3861,klā
3862,klı
3863,kma
3864,kmaar
3865,kmak
3866,kme
3867,kmen
3868,kmer
3869,kmok
3870,kmor
3871,kmühl
3872,kna
3873,knang
3874,kne
3875,knell
3876,kney
3877,kni
3878,knja
3879,kno
3880,knok
3881,know
3882,knu
3883,kny
3884,knès
3885,knāf
3886,knāy
3887,ko
3888,koa
3889,kobs
3890,koc
3891,koch
3892,koe
3893,koel
3894,koff
3895,koh
3896,koi
3897,kok
3898,kokc
3899,koks
3900,kol
3901,kolc
3902,kolk
3903,kom
3904,kon
3905,konch
3906,kong
3907,kongs
3908,kons
3909,konz
3910,koop
3911,koot
3912,kop
3913,kops
3914,kor
3915,kord
3916,korn
3917,kors
3918,korsc
3919,korsk
3920,kos
3921,kosh
3922,kostr
3923,kot
3924,kou
3925,koum
3926,koun
3927,kous
3928,kov
3929,kovs
3930,kovsk
3931,kow
3932,koy
3933,koz
3934,koç
3935,koāth
3936,koł
3937,końs
3938,koś
3939,koš
3940,koź
3941,kpa
3942,kpan
3943,kra
3944,kraa
3945,krad
3946,krah
3947,krai
3948,krains
3949,kraj
3950,kral
3951,kram
3952,krand
3953,kranj
3954,krap
3955,krat
3956,krath
3957,kray
3958,kraś
3959,kre
3960,kreis
3961,krem
3962,krems
3963,kres
3964,kret
3965,kreu
3966,kreuz
3967,kri
3968,krian
3969,krid
3970,kriel
3971,kriens
3972,krim
3973,kris
3974,krnov
3975,kro
3976,kron
3977,kronsh
3978,kroon
3979,kroons
3980,krou
3981,kroun
3982,krov
3983,krovs
3984,kroy
3985,kru
3986,krua
3987,kruis
3988,kruš
3989,kry
3990,kryc
3991,krymsk
3992,krá
3993,krüch
3994,krā
3995,krāil
3996,krīt
3997,ksa
3998,ksaan
3999,ksal
4000,ksan
4001,ksar
4002,ksarsk
4003,ksay
4004,kse
4005,kseu
4006,kseur
4007,ksey
4008,ksi
4009,ksij
4010,ksin
4011,ksiu
4012,ksmui
4013,ksna
4014,kso
4015,kson
4016,ksop
4017,ksour
4018,ksrust
4019,ksto
4020,ksu
4021,ksun
4022,ksvil
4023,kszen
4024,kszárd
4025,ku
4026,kua
4027,kuah
4028,kuan
4029,kuang
4030,kuc
4031,kud
4032,kue
4033,kuec
4034,kufs
4035,kuh
4036,kui
4037,kuis
4038,kuk
4039,kuks
4040,kul
4041,kulm
4042,kulp
4043,kum
4044,kumb
4045,kums
4046,kumsk
4047,kun
4048,kund
4049,kung
4050,kungs
4051,kuns
4052,kuo
4053,kup
4054,kupc
4055,kupl
4056,kur
4057,kurc
4058,kursk
4059,kus
4060,kush
4061,kushc
4062,kushk
4063,kusz
4064,kut
4065,kutsk
4066,kutz
4067,kuu
4068,kuy
4069,kuz
4070,kuç
4071,kuş
4072,kva
4073,kvar
4074,kve
4075,kvil
4076,kvo
4077,kwa
4078,kwal
4079,kwan
4080,kwang
4081,kwe
4082,kwi
4083,kwit
4084,kwitz
4085,kwood
4086,kwu
4087,kwé
4088,kwāl
4089,ky
4090,kya
4091,kyakh
4092,kyat
4093,kye
4094,kyen
4095,kyi
4096,kyo
4097,kyon
4098,kyr
4099,kysh
4100,kyur
4101,kyus
4102,kyy
4103,kyŏn
4104,ká
4105,kâh
4106,kça
4107,kçe
4108,kè
4109,ké
4110,kés
4111,kës
4112,kí
4113,kís
4114,kî
4115,kó
4116,ków
4117,kół
4118,kö
4119,köl
4120,köln
4121,kör
4122,köt
4123,köy
4124,kø
4125,køy
4126,kü
4127,kün
4128,kür
4129,ký
4130,kā
4131,kāb
4132,kāc
4133,kād
4134,kāl
4135,kām
4136,kāmt
4137,kān
4138,kānc
4139,kānd
4140,kānt
4141,kānth
4142,kār
4143,kās
4144,kāt
4145,kāy
4146,kāz
4147,kė
4148,kės
4149,kę
4150,kętr
4151,kī
4152,kīn
4153,kīnsk
4154,kīsh
4155,kı
4156,kır
4157,kış
4158,kło
4159,kłodz
4160,kō
4161,kő
4162,kşe
4163,kši
4164,kū
4165,kūh
4166,kūi
4167,kūm
4168,kūr
4169,kūt
4170,kŭ
4171,kův
4172,kạn
4173,kỳ
4174,l
4175,la
4176,laa
4177,laam
4178,laan
4179,laar
4180,laas
4181,laasp
4182,laat
4183,lab
4184,labh
4185,lac
4186,lach
4187,lack
4188,lad
4189,lae
4190,laem
4191,laeng
4192,laer
4193,laf
4194,lag
4195,laght
4196,lah
4197,lahn
4198,lahns
4199,lahr
4200,lai
4201,laik
4202,lain
4203,laip
4204,lais
4205,lait
4206,laix
4207,lajj
4208,lak
4209,lakh
4210,laks
4211,lal
4212,lam
4213,lamb
4214,lamp
4215,lamsk
4216,lan
4217,lanc
4218,land
4219,lands
4220,lang
4221,langz
4222,lans
4223,lant
4224,lanz
4225,lao
4226,laoc
4227,laog
4228,laon
4229,laos
4230,lap
4231,lar
4232,larb
4233,lard
4234,lark
4235,las
4236,lash
4237,lat
4238,latsk
4239,lau
4240,lauch
4241,lauf
4242,laun
4243,laup
4244,laur
4245,laut
4246,law
4247,lawn
4248,lay
4249,layb
4250,laz
4251,laâ
4252,laç
4253,laí
4254,laï
4255,laş
4256,lašs
4257,laţ
4258,laḩ
4259,le
4260,lea
4261,leaf
4262,leah
4263,leal
4264,lean
4265,leann
4266,leans
4267,leat
4268,leb
4269,lec
4270,lecc
4271,lech
4272,led
4273,lee
4274,leeds
4275,leek
4276,leer
4277,lees
4278,lef
4279,leg
4280,leh
4281,lehr
4282,lei
4283,leic
4284,leigh
4285,lein
4286,lek
4287,lekh
4288,lel
4289,lem
4290,lems
4291,len
4292,lenc
4293,lendz
4294,leng
4295,lengs
4296,lens
4297,lensk
4298,lents
4299,lenz
4300,leo
4301,leon
4302,leor
4303,lep
4304,ler
4305,lerg
4306,lers
4307,les
4308,lesh
4309,less
4310,lesz
4311,let
4312,letc
4313,leth
4314,letl
4315,lets
4316,letsk
4317,leu
4318,leud
4319,leug
4320,leun
4321,leur
4322,leus
4323,leut
4324,leuz
4325,lev
4326,levs
4327,levsk
4328,lew
4329,ley
4330,leys
4331,leysk
4332,lez
4333,leå
4334,leç
4335,león
4336,leś
4337,leş
4338,leẕ
4339,lha
4340,lho
4341,li
4342,lia
4343,liams
4344,lian
4345,liang
4346,lians
4347,lianz
4348,liar
4349,liard
4350,lias
4351,liat
4352,lib
4353,lic
4354,lich
4355,licz
4356,lid
4357,lidz
4358,lie
4359,liech
4360,lien
4361,lient
4362,lier
4363,liers
4364,liet
4365,lif
4366,lih
4367,lik
4368,lil
4369,lill
4370,lim
4371,limb
4372,limh
4373,lims
4374,limsk
4375,lin
4376,linc
4377,ling
4378,lingc
4379,lings
4380,linn
4381,lins
4382,linsk
4383,linz
4384,lio
4385,lion
4386,lior
4387,lip
4388,lipps
4389,lips
4390,liq
4391,lir
4392,lis
4393,liss
4394,lisz
4395,lit
4396,litz
4397,litzsch
4398,liu
4399,lius
4400,liv
4401,lix
4402,liy
4403,liz
4404,liá
4405,liè
4406,lié
4407,liê
4408,lió
4409,liā
4410,liān
4411,liş
4412,ljubl
4413,lla
4414,llail
4415,llal
4416,llan
4417,lle
4418,llei
4419,llo
4420,lloc
4421,lloy
4422,llu
4423,llí
4424,lo
4425,loa
4426,loam
4427,loan
4428,loand
4429,lob
4430,loc
4431,loch
4432,lock
4433,lod
4434,loe
4435,loft
4436,log
4437,loh
4438,lohn
4439,lohr
4440,loi
4441,lois
4442,loit
4443,lok
4444,lol
4445,lom
4446,lon
4447,lonc
4448,long
4449,lons
4450,loo
4451,loon
4452,loops
4453,loord
4454,loos
4455,lop
4456,loq
4457,lor
4458,lors
4459,los
4460,lot
4461,lou
4462,lough
4463,loum
4464,loun
4465,loup
4466,lour
4467,lous
4468,louth
4469,lov
4470,lovs
4471,lovsk
4472,low
4473,lows
4474,loxs
4475,loy
4476,lozhsk
4477,lu
4478,lua
4479,luan
4480,luanc
4481,luang
4482,luans
4483,lub
4484,luc
4485,luch
4486,lud
4487,lue
4488,luh
4489,lui
4490,luim
4491,luin
4492,luis
4493,luiz
4494,luk
4495,lul
4496,lum
4497,lump
4498,lun
4499,lund
4500,lung
4501,luo
4502,luoc
4503,lup
4504,lur
4505,lurg
4506,lus
4507,lush
4508,lushn
4509,luth
4510,luts
4511,lutz
4512,luuq
4513,luy
4514,luz
4515,luá
4516,luís
4517,luñ
4518,luč
4519,luń
4520,lviv
4521,lwin
4522,ly
4523,lya
4524,lyah
4525,lyan
4526,lyands
4527,lyansk
4528,lyar
4529,lye
4530,lyk
4531,lykc
4532,lyks
4533,lym
4534,lyn
4535,lynd
4536,lynn
4537,lyns
4538,lyo
4539,lyon
4540,lyow
4541,lyqs
4542,lys
4543,lyt
4544,lyu
4545,lyuc
4546,lyurt
4547,lyā
4548,lyān
4549,lyūb
4550,là
4551,lào
4552,lá
4553,lán
4554,lás
4555,láš
4556,lâ
4557,lân
4558,lãnh
4559,lão
4560,lä
4561,län
4562,lçuk
4563,lès
4564,lé
4565,léans
4566,lée
4567,lém
4568,lén
4569,léo
4570,lés
4571,lê
4572,lë
4573,lëv
4574,lëvsk
4575,lì
4576,lí
4577,líc
4578,lím
4579,lín
4580,lís
4581,lñ
4582,ló
4583,lói
4584,lón
4585,lós
4586,lô
4587,lö
4588,lök
4589,lör
4590,lø
4591,lú
4592,lü
4593,lüb
4594,lüs
4595,lý
4596,lā
4597,lāb
4598,lāc
4599,lāg
4600,lāh
4601,lāk
4602,lāks
4603,lāl
4604,lām
4605,lān
4606,lāot
4607,lār
4608,lārd
4609,lās
4610,lāt
4611,lāy
4612,lāţ
4613,lău
4614,ląs
4615,lē
4616,lēs
4617,lė
4618,lę
4619,lī
4620,līd
4621,līs
4622,līy
4623,lı
4624,lık
4625,lıur
4626,lő
4627,lş
4628,lţ
4629,lţan
4630,lţi
4631,lţā
4632,lū
4633,lūk
4634,lūm
4635,lūq
4636,lūr
4637,lūs
4638,lūt
4639,lūţ
4640,lŭk
4641,lŭng
4642,lḩūl
4643,lạng
4644,lạt
4645,lộc
4646,m
4647,ma
4648,maa
4649,maar
4650,maars
4651,maas
4652,mac
4653,mach
4654,mack
4655,mad
4656,mae
4657,maen
4658,maes
4659,mag
4660,magh
4661,mah
4662,mahls
4663,mai
4664,maic
4665,maids
4666,maig
4667,mail
4668,main
4669,mainz
4670,mair
4671,mais
4672,mak
4673,makr
4674,mal
4675,malm
4676,malt
4677,mam
4678,man
4679,manc
4680,mand
4681,mang
4682,manj
4683,mank
4684,manl
4685,mann
4686,mans
4687,mansk
4688,mant
4689,manz
4690,mao
4691,mar
4692,marc
4693,march
4694,marcq
4695,marg
4696,marj
4697,mark
4698,marks
4699,markt
4700,marl
4701,mars
4702,marsh
4703,mart
4704,mas
4705,mash
4706,mat
4707,math
4708,matt
4709,mau
4710,maul
4711,maun
4712,maur
4713,mav
4714,mavs
4715,maw
4716,mawr
4717,may
4718,maych
4719,mayn
4720,mays
4721,mayt
4722,maz
4723,maç
4724,maó
4725,maş
4726,maţ
4727,maḩ
4728,maḯ
4729,mba
4730,mbal
4731,mban
4732,mband
4733,mbaï
4734,mbey
4735,mbin
4736,mbou
4737,mbour
4738,mbu
4739,mca
4740,mcdo
4741,mchen
4742,mchin
4743,mckees
4744,mckin
4745,mcminn
4746,mcmur
4747,me
4748,mea
4749,mead
4750,meads
4751,mean
4752,mearns
4753,mec
4754,med
4755,mee
4756,meen
4757,meer
4758,meers
4759,mef
4760,meh
4761,mehl
4762,mehn
4763,mei
4764,meik
4765,meil
4766,meis
4767,meiz
4768,mel
4769,melc
4770,melh
4771,meln
4772,mels
4773,mem
4774,memp
4775,men
4776,menc
4777,meng
4778,mengc
4779,menn
4780,mens
4781,mensk
4782,ment
4783,menz
4784,meo
4785,mep
4786,meq
4787,mer
4788,mers
4789,mert
4790,mes
4791,mesc
4792,mesh
4793,met
4794,metz
4795,meu
4796,meung
4797,meur
4798,mex
4799,mey
4800,meyn
4801,meys
4802,meysk
4803,mez
4804,mezh
4805,meå
4806,meï
4807,mgan
4808,mhan
4809,mhās
4810,mi
4811,mia
4812,miah
4813,mian
4814,mias
4815,miass
4816,mic
4817,mid
4818,mie
4819,miel
4820,mien
4821,miens
4822,mier
4823,miers
4824,mierz
4825,mies
4826,miet
4827,mif
4828,mig
4829,mii
4830,miic
4831,mij
4832,mik
4833,mil
4834,mill
4835,mills
4836,mim
4837,min
4838,minc
4839,minch
4840,ming
4841,mings
4842,minh
4843,mins
4844,minsk
4845,mint
4846,minz
4847,mio
4848,miq
4849,mir
4850,mirdz
4851,mis
4852,misch
4853,mish
4854,mishk
4855,misk
4856,mit
4857,mitc
4858,mitl
4859,mitsc
4860,miu
4861,mivs
4862,mix
4863,miy
4864,miys
4865,miz
4866,mià
4867,miān
4868,mię
4869,mińs
4870,mińsk
4871,miō
4872,miş
4873,mku
4874,mla
4875,mlan
4876,mlim
4877,mlo
4878,mlong
4879,mma
4880,mne
4881,mo
4882,moa
4883,moan
4884,moc
4885,mocks
4886,mod
4887,moe
4888,moers
4889,moh
4890,moi
4891,mois
4892,mol
4893,molsk
4894,mom
4895,mon
4896,monc
4897,mond
4898,mong
4899,mons
4900,mont
4901,montt
4902,moo
4903,moor
4904,moos
4905,mop
4906,mor
4907,morp
4908,mors
4909,morsk
4910,mos
4911,mosk
4912,moss
4913,most
4914,mot
4915,mou
4916,mouc
4917,moun
4918,mound
4919,mount
4920,mour
4921,mous
4922,mouth
4923,mov
4924,movs
4925,movsk
4926,mow
4927,mox
4928,moy
4929,moz
4930,mozh
4931,moç
4932,moāv
4933,moś
4934,moẕ
4935,mpan
4936,mpi
4937,mpop
4938,mpos
4939,mpu
4940,mpwa
4941,mrang
4942,mrą
4943,msa
4944,mso
4945,mthat
4946,mtin
4947,mto
4948,mtsensk
4949,mtwa
4950,mtwan
4951,mu
4952,mua
4953,muan
4954,muang
4955,muar
4956,muc
4957,much
4958,mud
4959,mudk
4960,mue
4961,muel
4962,mug
4963,mui
4964,muk
4965,muks
4966,mul
4967,mulc
4968,mum
4969,mun
4970,mund
4971,mung
4972,muns
4973,mur
4974,murs
4975,mursk
4976,mus
4977,mush
4978,mushk
4979,mut
4980,muy
4981,muñ
4982,muğ
4983,muş
4984,muḩ
4985,mvo
4986,mwa
4987,mwan
4988,mwe
4989,my
4990,mya
4991,myan
4992,myang
4993,myans
4994,mye
4995,myers
4996,myi
4997,myin
4998,myit
4999,myr
5000,mys
5001,mysh
5002,myshl
5003,myssk
5004,mysz
5005,myy
5006,myā
5007,myān
5008,myś
5009,myśl
5010,mzim
5011,mzu
5012,má
5013,mán
5014,már
5015,más
5016,mâ
5017,mã
5018,mão
5019,mä
5020,mäe
5021,män
5022,mär
5023,märs
5024,mé
5025,méa
5026,méanc
5027,mée
5028,mék
5029,mén
5030,més
5031,mét
5032,më
5033,mí
5034,mía
5035,mín
5036,mís
5037,mî
5038,mó
5039,món
5040,móng
5041,mór
5042,mós
5043,mô
5044,mões
5045,mö
5046,mölln
5047,möln
5048,mönc
5049,mör
5050,mös
5051,mú
5052,múc
5053,múz
5054,mü
5055,mühl
5056,mül
5057,müll
5058,mün
5059,münc
5060,müns
5061,mür
5062,mā
5063,māc
5064,māch
5065,mād
5066,māh
5067,māj
5068,māk
5069,māl
5070,mālk
5071,mām
5072,mān
5073,māns
5074,māq
5075,mār
5076,mās
5077,māt
5078,māş
5079,mă
5080,mči
5081,měl
5082,měř
5083,mī
5084,mīn
5085,mīr
5086,mīy
5087,mīān
5088,mĭ
5089,mış
5090,mła
5091,mţ
5092,mū
5093,mūd
5094,mūl
5095,mūm
5096,mūn
5097,mūī
5098,mża
5099,một
5100,mỹ
5101,n
5102,na
5103,naa
5104,naal
5105,naar
5106,naas
5107,nab
5108,nabk
5109,nac
5110,nach
5111,nad
5112,nae
5113,nag
5114,nah
5115,nahn
5116,nahr
5117,nai
5118,naic
5119,nail
5120,nain
5121,nais
5122,naiv
5123,naj
5124,najm
5125,najs
5126,nak
5127,nakh
5128,nakhc
5129,naksk
5130,nal
5131,nals
5132,nam
5133,namp
5134,nan
5135,nanc
5136,nand
5137,nang
5138,nant
5139,nanz
5140,nao
5141,nap
5142,nar
5143,nard
5144,nards
5145,nart
5146,narth
5147,nas
5148,nash
5149,nat
5150,natc
5151,nath
5152,nau
5153,nauj
5154,naul
5155,naum
5156,naund
5157,naung
5158,naur
5159,naus
5160,nav
5161,naw
5162,nax
5163,nay
5164,nayn
5165,naysk
5166,naz
5167,naí
5168,naït
5169,naú
5170,naīk
5171,naşr
5172,nche
5173,nchu
5174,ndi
5175,ndo
5176,ne
5177,nea
5178,neach
5179,neal
5180,neath
5181,neb
5182,nec
5183,neck
5184,nee
5185,need
5186,neem
5187,neen
5188,neer
5189,nef
5190,neh
5191,nei
5192,neit
5193,nek
5194,nel
5195,nell
5196,nels
5197,nem
5198,nen
5199,neng
5200,nens
5201,neo
5202,neots
5203,nep
5204,ner
5205,nerc
5206,nerd
5207,ners
5208,nerz
5209,nes
5210,nesc
5211,ness
5212,net
5213,netp
5214,nets
5215,netsk
5216,neu
5217,neuc
5218,neun
5219,neung
5220,neus
5221,neuss
5222,neux
5223,nev
5224,nevs
5225,new
5226,nex
5227,ney
5228,nez
5229,nezh
5230,neá
5231,neür
5232,neş
5233,neš
5234,neţ
5235,neș
5236,nga
5237,ngan
5238,ngao
5239,nge
5240,ngem
5241,ngo
5242,ngu
5243,ngui
5244,nguy
5245,nguék
5246,ngãi
5247,nha
5248,nhon
5249,ni
5250,nia
5251,niac
5252,nial
5253,niam
5254,nian
5255,niar
5256,nic
5257,nich
5258,nick
5259,nid
5260,nie
5261,niec
5262,nien
5263,nier
5264,niet
5265,nievs
5266,niff
5267,nigs
5268,nih
5269,nii
5270,nij
5271,nik
5272,nikc
5273,nil
5274,nim
5275,nin
5276,ning
5277,ninh
5278,nins
5279,ninsk
5280,nio
5281,nion
5282,niort
5283,niot
5284,nip
5285,nir
5286,nis
5287,nish
5288,niss
5289,nist
5290,nits
5291,nitx
5292,nitz
5293,niu
5294,nius
5295,niv
5296,nix
5297,niy
5298,niz
5299,niá
5300,niã
5301,nión
5302,niów
5303,niān
5304,niğ
5305,niş
5306,niš
5307,niţ
5308,nje
5309,njom
5310,nkaw
5311,nkho
5312,nko
5313,nkon
5314,nkpor
5315,nkwer
5316,nne
5317,no
5318,noa
5319,noaks
5320,noan
5321,noas
5322,nobr
5323,noc
5324,nock
5325,nod
5326,noec
5327,noen
5328,noi
5329,noic
5330,noin
5331,noir
5332,nois
5333,nok
5334,nol
5335,nold
5336,nolds
5337,nom
5338,non
5339,nong
5340,nongs
5341,nons
5342,nont
5343,noo
5344,nood
5345,noor
5346,nop
5347,nor
5348,nord
5349,norr
5350,nort
5351,north
5352,nos
5353,not
5354,nou
5355,nough
5356,nour
5357,nout
5358,nov
5359,novs
5360,novsk
5361,now
5362,nows
5363,nox
5364,noy
5365,noz
5366,noît
5367,noā
5368,nsa
5369,nsan
5370,nsham
5371,nsuk
5372,nsun
5373,ntun
5374,nu
5375,nua
5376,nubl
5377,nud
5378,nue
5379,nuel
5380,nuet
5381,nuh
5382,nui
5383,nul
5384,num
5385,nun
5386,nuns
5387,nuo
5388,nur
5389,nus
5390,nush
5391,nuss
5392,nut
5393,nuth
5394,nuuk
5395,nuy
5396,nuá
5397,nuñ
5398,nuş
5399,ny
5400,nya
5401,nyac
5402,nyak
5403,nyam
5404,nyan
5405,nyang
5406,nyat
5407,nye
5408,nyent
5409,nyers
5410,nyets
5411,nyi
5412,nyih
5413,nyk
5414,nyo
5415,nyol
5416,nyon
5417,nyr
5418,nyts
5419,nyu
5420,nyurt
5421,nyy
5422,nyzhn
5423,nyí
5424,nyā
5425,nyū
5426,nze
5427,nzé
5428,nà
5429,ná
5430,nác
5431,nán
5432,náo
5433,nár
5434,nás
5435,nâ
5436,nân
5437,nã
5438,nä
5439,näss
5440,næs
5441,nç
5442,nça
5443,nçal
5444,nço
5445,nçon
5446,nçu
5447,nçã
5448,nçó
5449,nè
5450,nès
5451,né
5452,néa
5453,nén
5454,néo
5455,nés
5456,nês
5457,në
5458,nëv
5459,ní
5460,nía
5461,ník
5462,nín
5463,nî
5464,nò
5465,nó
5466,nów
5467,nô
5468,nö
5469,nör
5470,nør
5471,nú
5472,núñ
5473,nü
5474,nüm
5475,nür
5476,nürn
5477,ný
5478,nā
5479,nāb
5480,nāc
5481,nād
5482,nāg
5483,nāi
5484,nāj
5485,nāk
5486,nāl
5487,nālc
5488,nām
5489,nāmt
5490,nān
5491,nānd
5492,nāo
5493,nār
5494,nās
5495,nāth
5496,nāy
5497,nāş
5498,nāţ
5499,nāḩ
5500,nă
5501,nău
5502,nče
5503,nčín
5504,nđe
5505,nđi
5506,nē
5507,nė
5508,nī
5509,nīl
5510,nīm
5511,nīn
5512,nīs
5513,nīy
5514,nı
5515,nık
5516,nıs
5517,nō
5518,nşe
5519,nşū
5520,nţa
5521,nţās
5522,nū
5523,nūb
5524,nūd
5525,nūf
5526,nūl
5527,nūn
5528,nūp
5529,nūps
5530,nūr
5531,nūz
5532,nŭi
5533,nḏ
5534,nḏa
5535,o
5536,oa
5537,oad
5538,oak
5539,oaks
5540,ob
5541,obr
5542,oc
5543,och
5544,od
5545,oe
5546,oegst
5547,oel
5548,oer
5549,oes
5550,of
5551,og
5552,oi
5553,oil
5554,ois
5555,ok
5556,okc
5557,okh
5558,ol
5559,olc
5560,old
5561,olms
5562,ols
5563,olsz
5564,om
5565,omsk
5566,on
5567,ong
5568,ongch
5569,oo
5570,oos
5571,oost
5572,op
5573,oq
5574,or
5575,orc
5576,ordz
5577,orms
5578,ors
5579,orsk
5580,os
5581,osc
5582,osh
5583,oss
5584,ost
5585,ot
5586,otl
5587,ou
5588,oud
5589,oudts
5590,ouj
5591,oul
5592,oum
5593,ous
5594,ov
5595,ox
5596,oy
5597,oz
5598,oł
5599,oś
5600,p
5601,pa
5602,paarl
5603,pab
5604,pac
5605,pach
5606,pad
5607,pae
5608,pag
5609,pah
5610,pai
5611,paid
5612,paign
5613,pait
5614,paix
5615,pak
5616,paks
5617,pal
5618,palm
5619,palms
5620,pam
5621,pan
5622,panc
5623,pand
5624,pang
5625,panks
5626,pans
5627,pao
5628,paom
5629,paong
5630,pap
5631,par
5632,parb
5633,parc
5634,pard
5635,park
5636,pas
5637,pash
5638,pass
5639,pat
5640,patc
5641,pau
5642,paul
5643,paung
5644,pavl
5645,paw
5646,pax
5647,pay
5648,pays
5649,paz
5650,paç
5651,pañ
5652,paô
5653,paş
5654,paš
5655,pe
5656,pea
5657,peach
5658,peak
5659,pearl
5660,pec
5661,pecq
5662,pect
5663,ped
5664,pee
5665,peeks
5666,peen
5667,peer
5668,peet
5669,peg
5670,pei
5671,peig
5672,pek
5673,pel
5674,pell
5675,pelt
5676,pem
5677,pen
5678,peng
5679,pengc
5680,penh
5681,penn
5682,penz
5683,peo
5684,per
5685,perk
5686,perm
5687,pers
5688,pert
5689,perth
5690,pes
5691,pesh
5692,pest
5693,pet
5694,petsk
5695,peu
5696,peuk
5697,pew
5698,pex
5699,pey
5700,peysk
5701,pez
5702,peñ
5703,peş
5704,pfaf
5705,pfalz
5706,pfen
5707,pfon
5708,pforz
5709,pfuhl
5710,pful
5711,pfungs
5712,pha
5713,phae
5714,phai
5715,phak
5716,phal
5717,phan
5718,phap
5719,phatt
5720,phay
5721,phe
5722,phek
5723,phet
5724,phetc
5725,phi
5726,phic
5727,phil
5728,phloi
5729,phnom
5730,phoe
5731,phon
5732,phot
5733,phra
5734,phrae
5735,phran
5736,phu
5737,phul
5738,phunp
5739,phunts
5740,phut
5741,phutt
5742,phôn
5743,phú
5744,phā
5745,phả
5746,phố
5747,phủ
5748,pi
5749,pia
5750,pias
5751,piaz
5752,pic
5753,pich
5754,pid
5755,pids
5756,pie
5757,pier
5758,piers
5759,piet
5760,pil
5761,pilk
5762,pils
5763,pim
5764,pin
5765,pind
5766,ping
5767,pings
5768,pingz
5769,pinsk
5770,pio
5771,piol
5772,piom
5773,pion
5774,pios
5775,piotr
5776,pir
5777,pirk
5778,pis
5779,pisz
5780,pit
5781,pitt
5782,pitts
5783,piu
5784,piuss
5785,pix
5786,piy
5787,piysk
5788,piz
5789,piè
5790,piñ
5791,piú
5792,pił
5793,pla
5794,plai
5795,plain
5796,plains
5797,plak
5798,plan
5799,pland
5800,plands
5801,plant
5802,plar
5803,plast
5804,plat
5805,platts
5806,plau
5807,plavsk
5808,play
5809,ple
5810,plea
5811,plei
5812,plen
5813,ples
5814,plet
5815,pley
5816,pli
5817,plia
5818,plin
5819,pljevl
5820,plo
5821,ploe
5822,ploi
5823,plot
5824,plov
5825,plu
5826,plum
5827,plun
5828,ply
5829,plyms
5830,plı
5831,plūn
5832,pmund
5833,pni
5834,pno
5835,po
5836,poa
5837,poc
5838,pod
5839,pog
5840,poh
5841,poi
5842,poin
5843,point
5844,pois
5845,pok
5846,pol
5847,polds
5848,pols
5849,pom
5850,pon
5851,pond
5852,pong
5853,pont
5854,poo
5855,pool
5856,poor
5857,poort
5858,pop
5859,por
5860,pors
5861,port
5862,porth
5863,pos
5864,post
5865,pot
5866,potc
5867,pots
5868,potts
5869,pou
5870,pough
5871,poul
5872,pour
5873,pout
5874,poy
5875,poz
5876,poá
5877,poç
5878,poł
5879,pož
5880,pra
5881,prac
5882,prad
5883,prai
5884,praich
5885,prak
5886,pram
5887,pran
5888,prat
5889,prau
5890,pray
5891,pre
5892,preetz
5893,pren
5894,pres
5895,press
5896,prey
5897,preš
5898,pri
5899,pric
5900,pridd
5901,prie
5902,priest
5903,prin
5904,pring
5905,prio
5906,prior
5907,pris
5908,priy
5909,priá
5910,pro
5911,prod
5912,prok
5913,pron
5914,pros
5915,pru
5916,pruit
5917,prus
5918,prusz
5919,pruszcz
5920,pruz
5921,pry
5922,prys
5923,prza
5924,prze
5925,pré
5926,prém
5927,pró
5928,prü
5929,psa
5930,psan
5931,pse
5932,psi
5933,psie
5934,pskov
5935,psloot
5936,pso
5937,pson
5938,pszczy
5939,pto
5940,ptuj
5941,pu
5942,pua
5943,puan
5944,puas
5945,puc
5946,puch
5947,pue
5948,puen
5949,puer
5950,puez
5951,puk
5952,pul
5953,pull
5954,pum
5955,pun
5956,pung
5957,pur
5958,pus
5959,push
5960,pushc
5961,put
5962,puurs
5963,puy
5964,puz
5965,puç
5966,pué
5967,pués
5968,puł
5969,pwa
5970,pworth
5971,py
5972,pya
5973,pye
5974,pyel
5975,pyi
5976,pyin
5977,pyns
5978,pyon
5979,pyr
5980,pys
5981,pyt
5982,pyu
5983,pzig
5984,pá
5985,pán
5986,pátz
5987,pâo
5988,pã
5989,pão
5990,pär
5991,pää
5992,pè
5993,pé
5994,pécs
5995,péf
5996,péi
5997,pén
5998,péu
5999,pêt
6000,pí
6001,pís
6002,pó
6003,pór
6004,pós
6005,pół
6006,pô
6007,pôs
6008,pö
6009,pöl
6010,pú
6011,púc
6012,püs
6013,püt
6014,pýr
6015,pā
6016,pāc
6017,pāi
6018,pāk
6019,pāl
6020,pālg
6021,pānc
6022,pānd
6023,pāon
6024,pāp
6025,pār
6026,pārh
6027,pāt
6028,pāy
6029,pė
6030,pī
6031,pīr
6032,pīs
6033,pīāz
6034,pı
6035,pľo
6036,pło
6037,płock
6038,pře
6039,při
6040,pří
6041,pū
6042,pūn
6043,pūnch
6044,pūr
6045,pūrt
6046,qa
6047,qac
6048,qaf
6049,qah
6050,qaiq
6051,qal
6052,qam
6053,qan
6054,qand
6055,qar
6056,qarc
6057,qars
6058,qash
6059,qay
6060,qaz
6061,qazg
6062,qaşr
6063,qaţ
6064,qe
6065,qen
6066,qeshm
6067,qez
6068,qi
6069,qia
6070,qian
6071,qianz
6072,qib
6073,qil
6074,qim
6075,qin
6076,qing
6077,qingz
6078,qinz
6079,qiong
6080,qiongs
6081,qiu
6082,qiţ
6083,qo
6084,qom
6085,qon
6086,qor
6087,qorg
6088,qos
6089,qoû
6090,qrah
6091,qsay
6092,qu
6093,qua
6094,quah
6095,quan
6096,quang
6097,quanz
6098,quar
6099,quart
6100,quat
6101,qub
6102,que
6103,quel
6104,quem
6105,quen
6106,quer
6107,ques
6108,quet
6109,quets
6110,quez
6111,qui
6112,quib
6113,quic
6114,quick
6115,quil
6116,quim
6117,quin
6118,quir
6119,quis
6120,quix
6121,quiz
6122,qul
6123,quo
6124,quon
6125,qur
6126,qut
6127,quth
6128,quz
6129,quàs
6130,quã
6131,qué
6132,quén
6133,quí
6134,quíl
6135,quín
6136,quş
6137,quţ
6138,quảng
6139,qwa
6140,qên
6141,qā
6142,qās
6143,qāş
6144,qī
6145,qīh
6146,qīn
6147,qīr
6148,qūc
6149,qūs
6150,qūş
6151,qŭrg
6152,qŭsh
6153,r
6154,ra
6155,raa
6156,raal
6157,raards
6158,rab
6159,rac
6160,rach
6161,racks
6162,rad
6163,radz
6164,rae
6165,raf
6166,rag
6167,rah
6168,rai
6169,raik
6170,rail
6171,rain
6172,raing
6173,rais
6174,raj
6175,rak
6176,rakh
6177,rakhs
6178,ral
6179,rald
6180,ralsk
6181,ram
6182,rams
6183,ramt
6184,ran
6185,ranc
6186,ranch
6187,rand
6188,rang
6189,ranh
6190,ranj
6191,rank
6192,rans
6193,ransk
6194,ranss
6195,ranst
6196,rant
6197,rao
6198,raon
6199,rap
6200,raq
6201,rar
6202,ras
6203,rash
6204,rasht
6205,rasp
6206,rass
6207,rasz
6208,rat
6209,ratc
6210,rath
6211,rau
6212,raub
6213,rault
6214,raun
6215,raut
6216,rautz
6217,rav
6218,ravs
6219,raw
6220,ray
6221,rayb
6222,rayc
6223,rayf
6224,rayj
6225,rayn
6226,raysk
6227,raz
6228,raç
6229,raí
6230,rañ
6231,raông
6232,raú
6233,raş
6234,raž
6235,raș
6236,raḩ
6237,rchi
6238,re
6239,rea
6240,reach
6241,reagh
6242,real
6243,reang
6244,reap
6245,reas
6246,rec
6247,rech
6248,red
6249,ree
6250,rees
6251,ref
6252,reg
6253,reh
6254,rei
6255,reic
6256,reil
6257,reims
6258,rein
6259,reis
6260,reitz
6261,rek
6262,rekh
6263,rel
6264,rell
6265,rem
6266,remc
6267,remk
6268,remsc
6269,ren
6270,rend
6271,rends
6272,reng
6273,rens
6274,rent
6275,reo
6276,reon
6277,rer
6278,res
6279,reshc
6280,reshk
6281,rest
6282,ret
6283,reth
6284,rets
6285,retsk
6286,rett
6287,reu
6288,reun
6289,reup
6290,reus
6291,reut
6292,reuth
6293,reux
6294,rev
6295,revs
6296,rex
6297,rey
6298,reyk
6299,rez
6300,rezh
6301,reí
6302,reñ
6303,reğ
6304,reş
6305,rg
6306,rhe
6307,rhei
6308,rhein
6309,rheins
6310,rhio
6311,rho
6312,rhond
6313,rhoon
6314,rhyl
6315,ri
6316,ria
6317,riac
6318,riad
6319,riah
6320,rial
6321,riam
6322,rian
6323,rias
6324,rib
6325,ric
6326,rich
6327,richc
6328,rick
6329,rid
6330,ridj
6331,rie
6332,rieds
6333,riel
6334,riemst
6335,rien
6336,rieng
6337,rient
6338,ries
6339,riet
6340,rif
6341,rih
6342,rii
6343,riinsk
6344,rij
6345,rijn
6346,rijs
6347,rik
6348,riks
6349,ril
6350,rill
6351,rilsk
6352,rim
6353,rin
6354,rinc
6355,ring
6356,rings
6357,rinsk
6358,rint
6359,rinth
6360,rio
6361,riom
6362,rion
6363,rior
6364,rios
6365,rip
6366,riq
6367,rirt
6368,ris
6369,rish
6370,rit
6371,ritsk
6372,ritt
6373,ritz
6374,riu
6375,riv
6376,rivs
6377,riy
6378,riysk
6379,riz
6380,rizhz
6381,riß
6382,rià
6383,riá
6384,riè
6385,rién
6386,riñ
6387,riú
6388,riā
6389,riāl
6390,riān
6391,rmi
6392,ro
6393,roa
6394,road
6395,roan
6396,roas
6397,rob
6398,roc
6399,roch
6400,rock
6401,rocks
6402,rod
6403,rods
6404,rodsk
6405,roe
6406,roen
6407,roer
6408,rog
6409,roh
6410,roi
6411,rois
6412,roj
6413,rok
6414,rokh
6415,rol
6416,rold
6417,roll
6418,rom
6419,ron
6420,ronc
6421,rong
6422,ronj
6423,ronsk
6424,roo
6425,roon
6426,roor
6427,rop
6428,roqc
6429,ror
6430,ros
6431,rosh
6432,roshc
6433,ross
6434,rot
6435,roth
6436,rou
6437,rough
6438,roun
6439,round
6440,rous
6441,roux
6442,rov
6443,rovs
6444,rovsk
6445,row
6446,rox
6447,roy
6448,roz
6449,rozh
6450,roú
6451,rož
6452,roș
6453,rtishc
6454,ru
6455,rua
6456,ruan
6457,rub
6458,ruc
6459,ruchc
6460,rucp
6461,rud
6462,rue
6463,ruel
6464,rug
6465,rugh
6466,ruh
6467,ruhr
6468,rui
6469,ruiz
6470,ruk
6471,rukh
6472,rul
6473,rum
6474,rump
6475,run
6476,rung
6477,ruo
6478,rup
6479,rur
6480,rus
6481,rush
6482,rust
6483,rut
6484,ruun
6485,ruy
6486,ruán
6487,ruç
6488,ruí
6489,ruñ
6490,ruń
6491,ruţ
6492,ruž
6493,rwa
6494,rwan
6495,ry
6496,rya
6497,ryac
6498,ryag
6499,ryak
6500,ryam
6501,ryan
6502,ryang
6503,ryar
6504,ryas
6505,ryat
6506,ryaz
6507,ryazhsk
6508,rye
6509,ryl
6510,ryn
6511,ryo
6512,rys
6513,rysh
6514,ryt
6515,ryu
6516,ryuk
6517,ryun
6518,ryy
6519,ryā
6520,ryō
6521,ryŏng
6522,ryū
6523,rzes
6524,rzhev
6525,rà
6526,rá
6527,rán
6528,râm
6529,râs
6530,râş
6531,rã
6532,rães
6533,rão
6534,rå
6535,rås
6536,rça
6537,rças
6538,rçë
6539,rè
6540,ré
6541,réal
6542,rém
6543,rén
6544,réo
6545,rés
6546,rê
6547,rêa
6548,rêt
6549,rë
6550,rël
6551,rës
6552,rí
6553,ría
6554,rías
6555,rín
6556,río
6557,rís
6558,rî
6559,rður
6560,ròs
6561,ró
6562,rói
6563,rón
6564,rós
6565,rów
6566,rô
6567,rö
6568,rös
6569,rø
6570,rød
6571,rú
6572,rü
6573,rüm
6574,rüs
6575,rý
6576,rā
6577,rāb
6578,rāc
6579,rād
6580,rāg
6581,rāh
6582,rāi
6583,rāic
6584,rāich
6585,rāj
6586,rājs
6587,rāk
6588,rāl
6589,rām
6590,rāms
6591,rān
6592,rāng
6593,rāns
6594,rār
6595,rāsh
6596,rāt
6597,rāth
6598,rāy
6599,rāz
6600,ră
6601,răş
6602,rē
6603,rī
6604,rīch
6605,rīd
6606,rīf
6607,rīm
6608,rīn
6609,rīsh
6610,rīy
6611,rīz
6612,rı
6613,rık
6614,rło
6615,rœul
6616,rşa
6617,rşam
6618,rşe
6619,rū
6620,rūch
6621,rūd
6622,rūn
6623,rūr
6624,rūt
6625,rūţ
6626,rżo
6627,rżys
6628,rạch
6629,s
6630,sa
6631,saa
6632,saad
6633,saal
6634,saan
6635,saar
6636,sab
6637,sabz
6638,sac
6639,sack
6640,sacv
6641,sad
6642,sadr
6643,saf
6644,sagh
6645,sah
6646,sai
6647,saic
6648,said
6649,sail
6650,sain
6651,saint
6652,sak
6653,sakc
6654,sal
6655,sall
6656,salt
6657,salz
6658,sam
6659,samb
6660,samt
6661,san
6662,sanc
6663,sand
6664,sandh
6665,sang
6666,sankt
6667,sans
6668,sant
6669,sants
6670,sao
6671,sap
6672,saq
6673,sar
6674,sard
6675,sark
6676,sarps
6677,sars
6678,sart
6679,sas
6680,sat
6681,satc
6682,sath
6683,sau
6684,saul
6685,sault
6686,saun
6687,saur
6688,saw
6689,say
6690,sayns
6691,saz
6692,saï
6693,sañ
6694,saô
6695,saý
6696,saḩ
6697,sca
6698,scan
6699,scar
6700,scars
6701,scea
6702,scha
6703,schaff
6704,schaum
6705,sche
6706,schie
6707,schif
6708,schijn
6709,schil
6710,schio
6711,schkeu
6712,schle
6713,schlüch
6714,schmal
6715,schmar
6716,schmelz
6717,schne
6718,schnee
6719,scho
6720,schopf
6721,schor
6722,schorn
6723,schram
6724,schro
6725,schroe
6726,schwa
6727,schwal
6728,schwalm
6729,schwalms
6730,schwan
6731,schwar
6732,schwe
6733,schwec
6734,schwedt
6735,schwei
6736,schwein
6737,schwelm
6738,schwer
6739,schwä
6740,schö
6741,sci
6742,sciac
6743,scor
6744,scotch
6745,scott
6746,scotts
6747,scran
6748,scunt
6749,se
6750,sea
6751,seal
6752,sear
6753,seat
6754,seb
6755,sec
6756,sed
6757,see
6758,seeb
6759,seel
6760,seen
6761,seg
6762,seh
6763,sehn
6764,sei
6765,seik
6766,seil
6767,sek
6768,sel
6769,selb
6770,sell
6771,selm
6772,sels
6773,selt
6774,sem
6775,sen
6776,send
6777,senf
6778,seng
6779,sens
6780,sensk
6781,sent
6782,seo
6783,seon
6784,seond
6785,seong
6786,sep
6787,seph
6788,sepp
6789,sept
6790,ser
6791,serch
6792,sern
6793,sert
6794,ses
6795,set
6796,sett
6797,seu
6798,sev
6799,sex
6800,sey
6801,seyc
6802,seysk
6803,sez
6804,señ
6805,sfax
6806,sfi
6807,sfân
6808,sha
6809,shab
6810,shac
6811,shaf
6812,shah
6813,shahr
6814,shak
6815,shakh
6816,shal
6817,sham
6818,shamk
6819,shan
6820,shanc
6821,shang
6822,shangz
6823,shao
6824,shar
6825,sharq
6826,shas
6827,shaw
6828,shay
6829,shayk
6830,shaykh
6831,shaţ
6832,shchel
6833,shcher
6834,shchi
6835,shchu
6836,shchuc
6837,shchë
6838,shchūc
6839,she
6840,shef
6841,sheik
6842,sheikh
6843,shel
6844,shen
6845,shenz
6846,sheo
6847,shep
6848,sheps
6849,sher
6850,sherg
6851,shi
6852,shib
6853,shields
6854,shig
6855,shil
6856,shim
6857,shin
6858,shins
6859,shio
6860,shir
6861,shiv
6862,shiy
6863,shko
6864,sho
6865,shor
6866,shost
6867,shou
6868,shoy
6869,shpo
6870,shre
6871,shrews
6872,shrī
6873,shti
6874,shtip
6875,shu
6876,shuan
6877,shuangc
6878,shug
6879,shus
6880,shuy
6881,shwe
6882,shyam
6883,shym
6884,shā
6885,shāh
6886,shām
6887,shān
6888,shī
6889,shīe
6890,shīr
6891,shīsh
6892,shō
6893,shūsh
6894,si
6895,sia
6896,sial
6897,sias
6898,sib
6899,sic
6900,sid
6901,sidd
6902,sie
6903,siedl
6904,sieg
6905,siel
6906,siem
6907,sien
6908,sier
6909,sierpc
6910,sig
6911,sihl
6912,sii
6913,siirt
6914,sik
6915,sil
6916,silc
6917,silt
6918,sim
6919,sin
6920,sind
6921,sing
6922,singh
6923,sings
6924,sinj
6925,sins
6926,sinsk
6927,sint
6928,sio
6929,sion
6930,sip
6931,sir
6932,sis
6933,sisch
6934,sit
6935,siu
6936,sius
6937,siv
6938,six
6939,siy
6940,siysk
6941,siá
6942,siè
6943,sió
6944,siāl
6945,siţ
6946,sk
6947,ska
6948,ske
6949,skel
6950,skhi
6951,skho
6952,ski
6953,skien
6954,skier
6955,skik
6956,skiy
6957,sko
6958,skop
6959,skoy
6960,sku
6961,skvy
6962,sköv
6963,sla
6964,slain
6965,slan
6966,sland
6967,slands
6968,slar
6969,slau
6970,slav
6971,slavl
6972,slavs
6973,sle
6974,slea
6975,sles
6976,slett
6977,slev
6978,sley
6979,sli
6980,slie
6981,slig
6982,slin
6983,sling
6984,slip
6985,slo
6986,sloch
6987,sloe
6988,sloh
6989,slough
6990,slow
6991,slui
6992,sluis
6993,slutsk
6994,sly
6995,slyu
6996,slöv
6997,slām
6998,sma
6999,smach
7000,smah
7001,smai
7002,sman
7003,smar
7004,smarck
7005,smat
7006,smau
7007,smay
7008,smaïl
7009,sme
7010,smec
7011,smeer
7012,smi
7013,smil
7014,smit
7015,smith
7016,smo
7017,smold
7018,smyr
7019,smó
7020,smýr
7021,smār
7022,smāīl
7023,sna
7024,snay
7025,sneek
7026,snell
7027,snells
7028,snens
7029,snes
7030,sney
7031,snez
7032,sni
7033,snia
7034,snil
7035,sniz
7036,sniè
7037,sno
7038,snoar
7039,snock
7040,snoobsk
7041,snou
7042,snov
7043,snoy
7044,sny
7045,snys
7046,snysz
7047,snyy
7048,snā
7049,snă
7050,so
7051,soa
7052,soac
7053,soc
7054,sod
7055,soe
7056,soest
7057,sog
7058,soi
7059,sois
7060,sok
7061,sokc
7062,sol
7063,soln
7064,som
7065,somp
7066,son
7067,song
7068,songk
7069,sons
7070,sont
7071,soo
7072,sor
7073,sos
7074,sosh
7075,sot
7076,sou
7077,souk
7078,soul
7079,sound
7080,souq
7081,sour
7082,sous
7083,sout
7084,south
7085,southc
7086,sov
7087,soy
7088,soyt
7089,soû
7090,soł
7091,spa
7092,spain
7093,spal
7094,span
7095,spar
7096,sparks
7097,spassk
7098,spe
7099,spen
7100,speu
7101,spey
7102,spi
7103,spij
7104,spit
7105,spišs
7106,split
7107,spo
7108,sprem
7109,sprie
7110,sprin
7111,spring
7112,springs
7113,sprock
7114,spru
7115,spár
7116,spí
7117,squa
7118,sra
7119,srael
7120,srah
7121,sran
7122,srath
7123,sre
7124,srems
7125,sri
7126,srie
7127,srikh
7128,sro
7129,sru
7130,srul
7131,srê
7132,srā
7133,srī
7134,srūr
7135,st
7136,st.
7137,sta
7138,staa
7139,stad
7140,stads
7141,stadt
7142,staf
7143,stai
7144,stains
7145,stak
7146,stam
7147,stan
7148,stap
7149,star
7150,starn
7151,stas
7152,staß
7153,ste
7154,steen
7155,stef
7156,stei
7157,steils
7158,stein
7159,steink
7160,stel
7161,sten
7162,step
7163,ster
7164,steu
7165,steyr
7166,sti
7167,stil
7168,still
7169,stir
7170,sto
7171,stoc
7172,stock
7173,stol
7174,stor
7175,stough
7176,stour
7177,stow
7178,stowb
7179,stra
7180,strae
7181,stral
7182,stras
7183,strau
7184,straus
7185,straş
7186,stre
7187,stream
7188,streets
7189,strez
7190,stro
7191,stroi
7192,stron
7193,stru
7194,stryi
7195,strze
7196,strzel
7197,stu
7198,stuart
7199,stuhr
7200,stung
7201,stut
7202,stutt
7203,su
7204,sua
7205,suan
7206,suc
7207,sud
7208,sudz
7209,sue
7210,suez
7211,sug
7212,suhl
7213,sui
7214,suic
7215,suiz
7216,suj
7217,suk
7218,sul
7219,sull
7220,sulm
7221,sulp
7222,sulz
7223,sum
7224,sun
7225,sunc
7226,sund
7227,sung
7228,suns
7229,suo
7230,suoz
7231,sup
7232,sur
7233,surk
7234,surkh
7235,sus
7236,suu
7237,suy
7238,suz
7239,suá
7240,suā
7241,suār
7242,suş
7243,sva
7244,sval
7245,svay
7246,sve
7247,svend
7248,sver
7249,svi
7250,svish
7251,svo
7252,svye
7253,swa
7254,swaard
7255,swah
7256,swal
7257,swald
7258,swan
7259,swar
7260,swe
7261,swei
7262,swell
7263,swer
7264,swes
7265,swi
7266,swick
7267,swig
7268,swijk
7269,swil
7270,swist
7271,swords
7272,sworth
7273,swā
7274,swān
7275,sy
7276,sya
7277,syc
7278,sye
7279,syk
7280,syl
7281,syn
7282,synt
7283,syos
7284,syū
7285,syūn
7286,sza
7287,szar
7288,szcze
7289,szczy
7290,sze
7291,szen
7292,szi
7293,szol
7294,szom
7295,száz
7296,szé
7297,sá
7298,sáenz
7299,sánc
7300,sár
7301,sâm
7302,são
7303,sä
7304,säc
7305,sè
7306,sèc
7307,sé
7308,séd
7309,sén
7310,sér
7311,sés
7312,sí
7313,sín
7314,sís
7315,sòs
7316,só
7317,sóc
7318,sól
7319,són
7320,sông
7321,sões
7322,sö
7323,söm
7324,sø
7325,søn
7326,sør
7327,sús
7328,süd
7329,süh
7330,sür
7331,sā
7332,sād
7333,sāl
7334,sām
7335,sāmb
7336,sān
7337,sānc
7338,sāng
7339,sār
7340,sās
7341,sāt
7342,sātk
7343,sāu
7344,sāv
7345,sāy
7346,să
7347,sącz
7348,sē
7349,sī
7350,sīm
7351,sīn
7352,sīr
7353,sīy
7354,sı
7355,sła
7356,sław
7357,sło
7358,słu
7359,słupsk
7360,słów
7361,sō
7362,sŏ
7363,sŏn
7364,sŏng
7365,sŏp
7366,sţā
7367,sū
7368,sūd
7369,sūq
7370,sūr
7371,sūy
7372,sŭng
7373,sơn
7374,t
7375,ta
7376,taa
7377,taal
7378,taas
7379,tac
7380,tack
7381,tad
7382,tadt
7383,tae
7384,taen
7385,taf
7386,taff
7387,taft
7388,tag
7389,tagh
7390,tah
7391,tai
7392,taic
7393,taik
7394,tain
7395,tairs
7396,tais
7397,taiz
7398,tak
7399,tal
7400,talg
7401,tall
7402,tals
7403,tam
7404,tamc
7405,tamm
7406,tan
7407,tanc
7408,tang
7409,tangs
7410,tangz
7411,tans
7412,tant
7413,tanz
7414,tao
7415,taoz
7416,tap
7417,taq
7418,tar
7419,tard
7420,tarf
7421,targ
7422,tarn
7423,tars
7424,tarsk
7425,tas
7426,tash
7427,tat
7428,tatt
7429,tau
7430,tauf
7431,tault
7432,taun
7433,taung
7434,taur
7435,tav
7436,tavs
7437,taw
7438,tax
7439,tay
7440,tayn
7441,tays
7442,taysk
7443,taí
7444,tañ
7445,taú
7446,tağ
7447,taş
7448,taẖ
7449,tbi
7450,tbêng
7451,tcham
7452,tchao
7453,tchi
7454,tchol
7455,tczew
7456,tda
7457,te
7458,tea
7459,tead
7460,teb
7461,tebsk
7462,tec
7463,tecc
7464,teck
7465,ted
7466,tedt
7467,tee
7468,tees
7469,teg
7470,teh
7471,tei
7472,teil
7473,tein
7474,teis
7475,teiz
7476,tek
7477,teks
7478,tel
7479,telg
7480,tell
7481,teln
7482,tem
7483,ten
7484,tend
7485,teng
7486,tengz
7487,tens
7488,tenz
7489,teo
7490,teont
7491,teos
7492,tep
7493,ter
7494,tern
7495,ters
7496,tersc
7497,tert
7498,tes
7499,tet
7500,teu
7501,teur
7502,teus
7503,tev
7504,tewks
7505,tex
7506,tey
7507,tez
7508,teå
7509,teï
7510,teó
7511,teús
7512,teş
7513,teș
7514,tfa
7515,tfer
7516,tfield
7517,tfil
7518,tfon
7519,tford
7520,tfort
7521,tha
7522,thai
7523,thak
7524,tham
7525,than
7526,thanh
7527,thap
7528,that
7529,thaw
7530,thay
7531,the
7532,then
7533,thes
7534,theu
7535,thi
7536,thia
7537,thie
7538,thier
7539,thimp
7540,thion
7541,thiès
7542,thiết
7543,tho
7544,thoen
7545,thom
7546,thon
7547,thong
7548,thorn
7549,thot
7550,thou
7551,three
7552,thu
7553,thul
7554,thun
7555,thung
7556,thuột
7557,thành
7558,thái
7559,tháp
7560,thé
7561,thí
7562,thā
7563,thān
7564,thơ
7565,thủ
7566,ti
7567,tia
7568,tiac
7569,tiah
7570,tian
7571,tianc
7572,tians
7573,tias
7574,tic
7575,tich
7576,tick
7577,tid
7578,tie
7579,tief
7580,tiel
7581,tielt
7582,tien
7583,tier
7584,tiers
7585,ties
7586,tif
7587,tig
7588,tih
7589,tik
7590,tikc
7591,til
7592,till
7593,tim
7594,tin
7595,tinc
7596,tind
7597,ting
7598,tings
7599,tins
7600,tinsk
7601,tio
7602,tioch
7603,tion
7604,tios
7605,tip
7606,tir
7607,tis
7608,tish
7609,tishc
7610,tit
7611,tius
7612,tiv
7613,tix
7614,tiy
7615,tiysk
7616,tiá
7617,tián
7618,tiã
7619,tiè
7620,tié
7621,tiér
7622,tiên
7623,tiā
7624,tiāl
7625,tiān
7626,ti̇
7627,tla
7628,tlal
7629,tlam
7630,tlan
7631,tland
7632,tlao
7633,tlar
7634,tlas
7635,tlax
7636,tlaz
7637,tle
7638,tlem
7639,tler
7640,tles
7641,tlett
7642,tley
7643,tli
7644,tlich
7645,tlik
7646,tlin
7647,tlinc
7648,tlis
7649,tlix
7650,tlo
7651,tloa
7652,tlohn
7653,tlov
7654,tlu
7655,tluç
7656,tlyy
7657,tlán
7658,tlā
7659,tlād
7660,tlām
7661,tlı
7662,tma
7663,tman
7664,tmann
7665,tmans
7666,tmas
7667,tmi
7668,tmins
7669,tmiş
7670,tmo
7671,tmold
7672,tmont
7673,tmount
7674,tmouth
7675,tmund
7676,tmyo
7677,tmāl
7678,tmān
7679,tna
7680,tnag
7681,tnam
7682,tnan
7683,tnang
7684,tne
7685,tney
7686,tni
7687,tninsk
7688,tno
7689,tnos
7690,tnov
7691,tnoy
7692,tnya
7693,tnyy
7694,tná
7695,tnā
7696,to
7697,toa
7698,toar
7699,tob
7700,toc
7701,tock
7702,toeckc
7703,toft
7704,toi
7705,toin
7706,tok
7707,tokr
7708,tol
7709,toll
7710,tom
7711,toms
7712,tomsk
7713,ton
7714,tong
7715,tongc
7716,tongs
7717,tongz
7718,tonj
7719,tonk
7720,tons
7721,too
7722,toom
7723,toon
7724,top
7725,toq
7726,tor
7727,torf
7728,tors
7729,torz
7730,tos
7731,tosh
7732,tot
7733,tou
7734,touch
7735,toug
7736,toukh
7737,toul
7738,toum
7739,tour
7740,tours
7741,touss
7742,toust
7743,tov
7744,tovs
7745,tovsk
7746,tow
7747,town
7748,towns
7749,toy
7750,tozk
7751,toş
7752,tqvarch
7753,tra
7754,trah
7755,trai
7756,trail
7757,trais
7758,trak
7759,tral
7760,tramck
7761,trang
7762,trap
7763,tras
7764,trass
7765,trat
7766,trau
7767,traun
7768,trauns
7769,trbovl
7770,tre
7771,trea
7772,treat
7773,trecht
7774,tree
7775,treet
7776,trei
7777,trein
7778,treis
7779,trel
7780,trem
7781,tren
7782,treng
7783,trent
7784,trep
7785,tres
7786,treu
7787,treux
7788,trez
7789,tri
7790,tria
7791,trial
7792,trias
7793,tric
7794,trich
7795,tricht
7796,trict
7797,triel
7798,trier
7799,tries
7800,trig
7801,trijk
7802,tril
7803,trim
7804,trin
7805,trinc
7806,trio
7807,trios
7808,triun
7809,triz
7810,triţ
7811,trna
7812,tro
7813,trois
7814,troit
7815,troits
7816,troitsk
7817,trol
7818,troll
7819,trom
7820,tron
7821,trond
7822,troom
7823,trop
7824,tros
7825,trou
7826,trout
7827,trov
7828,trovs
7829,trovsk
7830,trow
7831,troy
7832,troú
7833,troł
7834,troń
7835,troş
7836,trri
7837,trste
7838,tru
7839,trubc
7840,truc
7841,truh
7842,trui
7843,trup
7844,trus
7845,truss
7846,try
7847,trya
7848,trzcian
7849,trze
7850,trà
7851,trão
7852,tré
7853,tréal
7854,três
7855,trëkh
7856,trì
7857,trí
7858,tró
7859,trów
7860,trú
7861,trās
7862,trăng
7863,trūd
7864,ts
7865,tsa
7866,tsar
7867,tse
7868,tsea
7869,tsel
7870,tsen
7871,tser
7872,tsfield
7873,tsford
7874,tshe
7875,tshi
7876,tsi
7877,tsik
7878,tsim
7879,tsin
7880,tsing
7881,tsiom
7882,tsiy
7883,tsla
7884,tsluis
7885,tslund
7886,tsmouth
7887,tso
7888,tsoa
7889,tsoe
7890,tson
7891,tsovs
7892,tsovsk
7893,tsqal
7894,tsried
7895,tsu
7896,tsuc
7897,tsue
7898,tsuen
7899,tsuis
7900,tsuo
7901,tsus
7902,tsuu
7903,tsuy
7904,tsvil
7905,tswa
7906,tsworth
7907,tsy
7908,tsya
7909,tsyt
7910,tsyu
7911,tsyz
7912,tszen
7913,tsá
7914,tsä
7915,tsé
7916,tsí
7917,tsār
7918,tsī
7919,tu
7920,tua
7921,tual
7922,tuan
7923,tub
7924,tuc
7925,tuch
7926,tuen
7927,tuer
7928,tuf
7929,tui
7930,tuis
7931,tuk
7932,tuks
7933,tul
7934,tuln
7935,tum
7936,tun
7937,tung
7938,tur
7939,turk
7940,turks
7941,turn
7942,turt
7943,tus
7944,tush
7945,tusk
7946,tut
7947,tuu
7948,tux
7949,tuy
7950,tuz
7951,tuá
7952,tuán
7953,tuí
7954,tuł
7955,tva
7956,tvan
7957,tved
7958,tver
7959,tvey
7960,tvi
7961,tvia
7962,tview
7963,tvil
7964,tvin
7965,tví
7966,tvā
7967,tvāl
7968,twa
7969,twan
7970,twe
7971,twed
7972,tweed
7973,twei
7974,tweil
7975,twen
7976,twer
7977,twich
7978,twick
7979,twijk
7980,twin
7981,twins
7982,two
7983,twock
7984,twood
7985,twyth
7986,twāl
7987,twār
7988,ty
7989,tya
7990,tyabr
7991,tyan
7992,tyarsk
7993,tyc
7994,tyk
7995,tym
7996,tyms
7997,tyn
7998,tyo
7999,tyol
8000,tyr
8001,tyrs
8002,tys
8003,tyu
8004,tyug
8005,tyv
8006,tyvl
8007,tyó
8008,tyń
8009,tza
8010,tzal
8011,tze
8012,tzen
8013,tzer
8014,tzi
8015,tzin
8016,tzlar
8017,tzo
8018,tzu
8019,tzvil
8020,tzá
8021,tzún
8022,tà
8023,tàr
8024,tàu
8025,tá
8026,tác
8027,tál
8028,tán
8029,tâ
8030,tân
8031,târ
8032,tây
8033,tã
8034,tão
8035,tä
8036,täl
8037,tça
8038,té
8039,tén
8040,tés
8041,tê
8042,të
8043,tëm
8044,tër
8045,tì
8046,tí
8047,tía
8048,tían
8049,tías
8050,tín
8051,tío
8052,tîy
8053,tña
8054,tó
8055,tón
8056,tórs
8057,tów
8058,tô
8059,tö
8060,tölz
8061,tøns
8062,tù
8063,tú
8064,tún
8065,túr
8066,tús
8067,tü
8068,tür
8069,tā
8070,tāb
8071,tād
8072,tāj
8073,tāl
8074,tālc
8075,tān
8076,tānk
8077,tāo
8078,tāp
8079,tāq
8080,tār
8081,tās
8082,tāy
8083,tė
8084,tě
8085,těm
8086,těš
8087,tĩnh
8088,tī
8089,tīj
8090,tīrt
8091,tın
8092,tňa
8093,tō
8094,tōc
8095,tře
8096,tři
8097,tū
8098,tūl
8099,tūn
8100,tūr
8101,tŭ
8102,tŭr
8103,tŭy
8104,u
8105,u.s.
8106,ua
8107,uc
8108,uch
8109,ud
8110,ue
8111,uel
8112,ug
8113,uh
8114,ui
8115,uit
8116,uj
8117,uk
8118,ukh
8119,ul
8120,ulm
8121,ulz
8122,um
8123,umm
8124,ums
8125,un
8126,ung
8127,ungs
8128,unj
8129,uo
8130,up
8131,ur
8132,urk
8133,urms
8134,urt
8135,us
8136,ush
8137,ust
8138,ut
8139,utt
8140,uu
8141,uw
8142,ux
8143,uy
8144,uyc
8145,uz
8146,uzh
8147,uí
8148,uông
8149,uş
8150,už
8151,v.
8152,va
8153,vaa
8154,vac
8155,vad
8156,vah
8157,vai
8158,vail
8159,vain
8160,vais
8161,vak
8162,vakhsh
8163,val
8164,vall
8165,valls
8166,vam
8167,van
8168,vand
8169,vans
8170,vao
8171,var
8172,varc
8173,vard
8174,varns
8175,varr
8176,vas
8177,vat
8178,vau
8179,vaug
8180,vault
8181,vaulx
8182,vaw
8183,vay
8184,vays
8185,vaz
8186,vaç
8187,vaí
8188,važs
8189,ve
8190,vea
8191,vec
8192,vecc
8193,vech
8194,ved
8195,vee
8196,veen
8197,veg
8198,veh
8199,vei
8200,veil
8201,vein
8202,vel
8203,veld
8204,vell
8205,velp
8206,vels
8207,velt
8208,ven
8209,veng
8210,vens
8211,vents
8212,ver
8213,verk
8214,verl
8215,vern
8216,vers
8217,versch
8218,versk
8219,ves
8220,vesd
8221,veshc
8222,vesz
8223,vet
8224,vets
8225,vetsk
8226,vey
8227,vez
8228,vi
8229,via
8230,viansk
8231,vic
8232,vich
8233,vicks
8234,vid
8235,vie
8236,vien
8237,vier
8238,viern
8239,viers
8240,view
8241,vih
8242,vii
8243,vik
8244,vil
8245,vilk
8246,vils
8247,vin
8248,ving
8249,vings
8250,vinh
8251,vion
8252,viq
8253,vir
8254,vis
8255,vish
8256,vit
8257,viv
8258,vià
8259,viç
8260,viè
8261,vié
8262,viñ
8263,viş
8264,việt
8265,vla
8266,vlaar
8267,vlag
8268,vlakh
8269,vle
8270,vlen
8271,vler
8272,vli
8273,vlie
8274,vlis
8275,vlo
8276,vlot
8277,vlovs
8278,vlovsk
8279,vlta
8280,vly
8281,vlíč
8282,vna
8283,vne
8284,vni
8285,vnik
8286,vno
8287,vnoy
8288,vnu
8289,vny
8290,vnya
8291,vné
8292,vník
8293,vo
8294,voa
8295,voal
8296,voan
8297,voc
8298,vods
8299,vodsk
8300,voe
8301,voer
8302,vog
8303,voi
8304,voin
8305,voir
8306,vok
8307,vol
8308,vold
8309,volk
8310,volzh
8311,volzhs
8312,volzhsk
8313,vom
8314,von
8315,vons
8316,voo
8317,voor
8318,voorsc
8319,voorst
8320,voort
8321,vor
8322,vorm
8323,vors
8324,vorst
8325,vos
8326,vot
8327,vou
8328,voul
8329,vour
8330,vovc
8331,voy
8332,voú
8333,vra
8334,vrai
8335,vran
8336,vras
8337,vray
8338,vrbas
8339,vre
8340,vrea
8341,vrek
8342,vres
8343,vreux
8344,vri
8345,vridd
8346,vrier
8347,vrin
8348,vro
8349,vron
8350,vrov
8351,vruch
8352,vry
8353,vršac
8354,vse
8355,vto
8356,vu
8357,vucht
8358,vue
8359,vught
8360,vul
8361,vur
8362,vush
8363,vuy
8364,vwa
8365,vy
8366,vya
8367,vyan
8368,vyansk
8369,vyats
8370,vyaz
8371,vyd
8372,vye
8373,vyi
8374,vyk
8375,vyl
8376,vys
8377,vysh
8378,vysk
8379,vyurt
8380,vyy
8381,vyā
8382,vyš
8383,và
8384,vá
8385,vác
8386,vár
8387,vâl
8388,vão
8389,vä
8390,vär
8391,väs
8392,väx
8393,vé
8394,véal
8395,vém
8396,vë
8397,vì
8398,ví
8399,víc
8400,vík
8401,víř
8402,vó
8403,völ
8404,vör
8405,vý
8406,vā
8407,vād
8408,vāk
8409,vān
8410,vānc
8411,vās
8412,vāv
8413,vāy
8414,văn
8415,vėž
8416,vĩnh
8417,vī
8418,vīd
8419,vīy
8420,vňa
8421,vşan
8422,vşe
8423,vũng
8424,vūr
8425,vūs
8426,vị
8427,wa
8428,waal
8429,waard
8430,waas
8431,wac
8432,wacht
8433,wack
8434,wad
8435,wae
8436,wag
8437,wah
8438,wai
8439,waic
8440,wain
8441,wait
8442,wajh
8443,wak
8444,wal
8445,wald
8446,walds
8447,walk
8448,wall
8449,walt
8450,wam
8451,wan
8452,wanc
8453,wands
8454,wang
8455,wank
8456,wao
8457,war
8458,ward
8459,wark
8460,warm
8461,warr
8462,wars
8463,was
8464,wat
8465,watb
8466,wath
8467,wau
8468,way
8469,wayf
8470,wayn
8471,wayq
8472,ways
8473,wał
8474,wałbr
8475,wałcz
8476,we
8477,webs
8478,wecht
8479,wed
8480,wee
8481,weert
8482,weesp
8483,weg
8484,wei
8485,weic
8486,weil
8487,wein
8488,weins
8489,weir
8490,weiz
8491,wej
8492,wek
8493,wel
8494,well
8495,wells
8496,wels
8497,welz
8498,wen
8499,wenc
8500,wens
8501,wenz
8502,wer
8503,werl
8504,wert
8505,wes
8506,west
8507,westc
8508,westp
8509,wet
8510,wey
8511,weyn
8512,wha
8513,whan
8514,wharf
8515,whea
8516,wheat
8517,whee
8518,whi
8519,whick
8520,whit
8521,whits
8522,why
8523,whyal
8524,wi
8525,wic
8526,wich
8527,wick
8528,wicz
8529,wie
8530,wiec
8531,wied
8532,wiehl
8533,wiel
8534,wier
8535,wies
8536,wigs
8537,wijc
8538,wijk
8539,wil
8540,will
8541,wilm
8542,wilns
8543,win
8544,winc
8545,wind
8546,wing
8547,wings
8548,wins
8549,winsc
8550,wint
8551,wion
8552,wip
8553,wis
8554,wisch
8555,wit
8556,witts
8557,wiy
8558,wię
8559,wo
8560,wob
8561,woc
8562,woens
8563,woer
8564,wok
8565,wol
8566,wold
8567,wolfs
8568,wom
8569,won
8570,wong
8571,woo
8572,wood
8573,woods
8574,woom
8575,woon
8576,woos
8577,wor
8578,worms
8579,worsk
8580,wort
8581,worth
8582,wos
8583,wot
8584,woł
8585,wrex
8586,wright
8587,wro
8588,wrześ
8589,wu
8590,wua
8591,wuc
8592,wuk
8593,wul
8594,wulms
8595,wum
8596,wuns
8597,wup
8598,wur
8599,wus
8600,wuus
8601,wuy
8602,wuz
8603,wy
8604,wyan
8605,wyc
8606,wyn
8607,wynd
8608,wyo
8609,wysz
8610,wá
8611,wört
8612,wörth
8613,wül
8614,wür
8615,würz
8616,wā
8617,wāb
8618,wābs
8619,wāi
8620,wāl
8621,wān
8622,wār
8623,wās
8624,wāy
8625,wą
8626,wī
8627,wīy
8628,wīţ
8629,wło
8630,włoc
8631,wŏn
8632,wşil
8633,x.
8634,xa
8635,xac
8636,xai
8637,xam
8638,xan
8639,xar
8640,xas
8641,xaul
8642,xay
8643,xaç
8644,xe
8645,xel
8646,xem
8647,xen
8648,xent
8649,xer
8650,xford
8651,xi
8652,xia
8653,xian
8654,xiang
8655,xiangc
8656,xians
8657,xias
8658,xiaz
8659,xic
8660,xii
8661,xim
8662,xin
8663,xinc
8664,xing
8665,xingc
8666,xins
8667,xinz
8668,xiongz
8669,xis
8670,xiu
8671,xiv
8672,xix
8673,xley
8674,xlip
8675,xme
8676,xmi
8677,xmoan
8678,xnard
8679,xo
8680,xoc
8681,xols
8682,xon
8683,xor
8684,xou
8685,xu
8686,xuan
8687,xuanz
8688,xuc
8689,xue
8690,xum
8691,xunc
8692,xur
8693,xuy
8694,xv
8695,xveen
8696,xvi
8697,xvii
8698,xvil
8699,xwich
8700,xx
8701,xxi
8702,xxii
8703,xà
8704,xá
8705,xánt
8706,xé
8707,xí
8708,y
8709,ya
8710,yac
8711,yakh
8712,yal
8713,yam
8714,yan
8715,yanc
8716,yang
8717,yangc
8718,yangp
8719,yangs
8720,yangz
8721,yansk
8722,yanz
8723,yar
8724,yas
8725,yash
8726,yat
8727,yazd
8728,yc
8729,ye
8730,yel
8731,yem
8732,yen
8733,yer
8734,yers
8735,yes
8736,yev
8737,yevs
8738,yevsk
8739,yi
8740,yic
8741,yinc
8742,ying
8743,yingc
8744,yings
8745,yinz
8746,yir
8747,yis
8748,yn
8749,yo
8750,yok
8751,yom
8752,yon
8753,yong
8754,yongc
8755,yor
8756,york
8757,yos
8758,yosh
8759,yot
8760,yoz
8761,yr
8762,ys
8763,ysk
8764,yu
8765,yuc
8766,yuk
8767,yum
8768,yun
8769,yunc
8770,yur
8771,yurt
8772,yus
8773,yutz
8774,yuz
8775,yy
8776,yên
8777,yü
8778,yā
8779,yād
8780,yō
8781,yŏ
8782,yŏn
8783,yŏng
8784,yū
8785,za
8786,zaal
8787,zaan
8788,zaans
8789,zabr
8790,zac
8791,zach
8792,zaf
8793,zag
8794,zah
8795,zahn
8796,zai
8797,zaid
8798,zainsk
8799,zaj
8800,zakhs
8801,zal
8802,zalt
8803,zam
8804,zan
8805,zand
8806,zans
8807,zansk
8808,zao
8809,zaoz
8810,zar
8811,zard
8812,zardz
8813,zark
8814,zart
8815,zas
8816,zat
8817,zau
8818,zawl
8819,zax
8820,zay
8821,zaz
8822,zaï
8823,zaú
8824,zbad
8825,zdol
8826,zdrój
8827,zduńs
8828,ze
8829,zea
8830,zec
8831,zecz
8832,zee
8833,zeel
8834,zef
8835,zeg
8836,zei
8837,zeist
8838,zeitz
8839,zel
8840,zell
8841,zem
8842,zems
8843,zemst
8844,zen
8845,zenc
8846,zensk
8847,zer
8848,zerbst
8849,zern
8850,zersk
8851,zes
8852,zet
8853,zeur
8854,zew
8855,zey
8856,zgierz
8857,zgor
8858,zha
8859,zhan
8860,zhang
8861,zhangz
8862,zhao
8863,zhaoz
8864,zhar
8865,zhash
8866,zhe
8867,zhen
8868,zheng
8869,zhengz
8870,zhenz
8871,zher
8872,zhez
8873,zhi
8874,zhic
8875,zhir
8876,zhlo
8877,zhme
8878,zho
8879,zhob
8880,zhong
8881,zhongs
8882,zhou
8883,zhouc
8884,zhous
8885,zhouz
8886,zhov
8887,zhu
8888,zhuan
8889,zhuang
8890,zhuz
8891,zhy
8892,zi
8893,zia
8894,zian
8895,zid
8896,zie
8897,zier
8898,zierl
8899,ziers
8900,zif
8901,zig
8902,zii
8903,zijl
8904,zil
8905,zim
8906,zin
8907,zinc
8908,zio
8909,zion
8910,zior
8911,zios
8912,zip
8913,zir
8914,zirn
8915,zis
8916,zit
8917,ziu
8918,ziz
8919,ziâ
8920,ziè
8921,ziā
8922,ziř
8923,zla
8924,zlau
8925,zle
8926,zli
8927,zlin
8928,zliy
8929,zlo
8930,zluc
8931,zluk
8932,zlyar
8933,zlá
8934,zlín
8935,zló
8936,zman
8937,zmay
8938,zmin
8939,zmir
8940,zmit
8941,zmiy
8942,zmán
8943,zna
8944,znach
8945,znal
8946,znań
8947,zne
8948,znets
8949,znetsk
8950,zni
8951,znik
8952,znit
8953,zno
8954,znyy
8955,znā
8956,zo
8957,zoa
8958,zoc
8959,zoe
8960,zoer
8961,zoir
8962,zom
8963,zon
8964,zons
8965,zoo
8966,zoom
8967,zor
8968,zos
8969,zot
8970,zou
8971,zouc
8972,zoult
8973,zoum
8974,zour
8975,zov
8976,zovs
8977,zovsk
8978,zoû
8979,zran
8980,zre
8981,zren
8982,zro
8983,zrou
8984,zrā
8985,zrēt
8986,zu
8987,zua
8988,zual
8989,zue
8990,zug
8991,zui
8992,zuid
8993,zuis
8994,zul
8995,zum
8996,zun
8997,zunc
8998,zuo
8999,zuq
9000,zur
9001,zurg
9002,zus
9003,zutp
9004,zuy
9005,zué
9006,zve
9007,zveč
9008,zvis
9009,zvo
9010,zwe
9011,zwei
9012,zwic
9013,zwijn
9014,zwisc
9015,zwol
9016,zwá
9017,zy
9018,zya
9019,zyak
9020,zyb
9021,zych
9022,zyl
9023,zyn
9024,zyorsk
9025,zyr
9026,zys
9027,zyu
9028,zyum
9029,zá
9030,zám
9031,záns
9032,zé
9033,zë
9034,zërs
9035,zërsk
9036,zí
9037,zói
9038,zón
9039,zós
9040,zów
9041,zö
9042,zör
9043,zú
9044,zúñ
9045,zü
9046,züy
9047,zā
9048,zāds
9049,zām
9050,zār
9051,zāz
9052,zăr
9053,zău
9054,ząb
9055,zę
9056,zędz
9057,zī
9058,zīr
9059,zīy
9060,zı
9061,zıl
9062,zıt
9063,zığ
9064,zło
9065,ző
9066,z̄a
9067,z̧
9068,z̧a
9069,z̧ā
9070,ß
9071,à
9072,á
9073,ál
9074,án
9075,ár
9076,ás
9077,â
9078,âd
9079,ân
9080,ã
9081,än
9082,å
9083,år
9084,års
9085,ç
9086,ça
9087,çan
9088,çe
9089,çer
9090,çi
9091,ço
9092,çor
9093,çu
9094,çum
9095,è
9096,é
9097,éc
9098,él
9099,érd
9100,és
9101,ên
9102,ë
9103,í
9104,íl
9105,ín
9106,î
9107,ï
9108,ðà
9109,ðông
9110,ñ
9111,ó
9112,ów
9113,ózd
9114,õ
9115,ö
9116,öl
9117,örns
9118,ös
9119,ú
9120,ún
9121,ús
9122,ü
9123,ük
9124,ür
9125,üs
9126,ā
9127,āb
9128,āc
9129,āf
9130,āl
9131,ām
9132,ān
9133,āng
9134,ār
9135,ārt
9136,ās
9137,āt
9138,āā
9139,ć
9140,ću
9141,č
9142,ča
9143,čad
9144,čer
9145,čes
9146,đinh
9147,đông
9148,định
9149,ę
9150,ğ
9151,ī
9152,īf
9153,īl
9154,īm
9155,īr
9156,īst
9157,ı
9158,ın
9159,ıt
9160,ľu
9161,ł
9162,ła
9163,łask
9164,ło
9165,łu
9166,łó
9167,łódz
9168,łę
9169,ń
9170,ńsk
9171,ň
9172,ō
9173,ōa
9174,ōi
9175,ōy
9176,ŏn
9177,ś
9178,ş
9179,şa
9180,şaff
9181,şan
9182,şaqr
9183,şar
9184,şe
9185,şem
9186,şi
9187,şim
9188,şir
9189,şu
9190,şur
9191,şā
9192,şır
9193,š
9194,ša
9195,še
9196,ši
9197,šu
9198,šum
9199,ţ
9200,ţa
9201,ţalk
9202,ţu
9203,ţā
9204,ţū
9205,ţūl
9206,ť
9207,ū
9208,ūm
9209,ūn
9210,ūr
9211,ŭi
9212,ŭl
9213,ŭp
9214,ż
9215,ża
9216,żab
9217,żo
9218,ży
9219,ž
9220,ža
9221,ži
9222,žu
9223,žď
9224,ț
9225,ə
9226,̄
9227,а
9228,бе
9229,в
9230,г
9231,д
9232,е
9233,ж
9234,же
9235,зу
9236,и
9237,к
9238,кр
9239,л
9240,ли
9241,м
9242,н
9243,не
9244,о
9245,п
9246,па
9247,р
9248,ра
9249,ре
9250,с
9251,са
9252,сл
9253,ст
9254,т
9255,те
9256,у
9257,ц
9258,ч
9259,ш
9260,ј
9261,ḏâ
9262,ḑ
9263,ḑā
9264,ḩ
9265,ḩa
9266,ḩaj
9267,ḩal
9268,ḩam
9269,ḩawsh
9270,ḩazm
9271,ḩe
9272,ḩil
9273,ḩu
9274,ḩā
9275,ṭa
9276,ẕī
9277,ộc
9278,‘‘
9279,’’
